,symptoms,symptom_ids,symptom_describe
0,복부비만,SS000400,"복부 또는 내장에 과도한 지방이 축적된 상태
"
1,깨어나면 기억하지 못함,SS000270,"기절이나 수면 이후 이전의 일을 기억하지 못하는 것
"
2,관련 장기의 일시적 기능장애,SS000607,"색전이 침범한 환부 인근 장기에 혈액공급이 중단 또는 부족하여 허혈상태에 빠져 제기능을 하지 못하는 상태
"
3,정서 및 행동의 일탈,SS000132,"정해진 영역 또는 본래의 목적에서 벗어난 행동을 함
"
4,낮은 자존감 ,SS000065,"자신의 품위를 스스로 지키는 마음이 부족함
"
5,동공이 흰빛으로 반짝임,SS000193,"눈에 빛을 비출 시 동공이 하얗게 반짝이듯 보임
"
6,"태아, 신생아의 정신 장애",SS000147,"출생 후 신생아에게서 정신장애가 관찰됨
"
7,흉쇄 유돌근의 몽우리,SS000913,"


흉쇄 유돌근에서 만져지는 덩어리



"
8,신생아-백색의 결절,SS000566,"피부 밑에 비정상적인 조직이 강낭콩 크기 정도로 솟아난 것
"
9,모발이 가늘어짐,SS000289,"머리카락의 굵기가 얇음
"
10,복부 통증,SS000398,"배가 아픈 것
"
11,눈 사이가 멀어보임,SS000174,"좌, 우 눈 사이 간격이 넓어 보임
"
12,야간뇨,SS000021,"밤동안 자주 소변이 마려움
"
13,구토,SS000386,"위장 속의 내용물이 식도를 거쳐 입 밖으로 나오는 것
"
14,대변에 벌레 관찰됨,SS000522,"기생충 감염 시 대변에서 작은 벌레가 보임
"
15,안검하수,SS000210,"윗눈꺼풀을 올렸다 내렸다 하는 윗눈꺼풀 올림근의 힘이 약해서 윗눈꺼풀이 아래로 처지는 상태
"
16,긴박뇨,SS000004,"소변이 마려워 참지 못하는 상태
"
17,면포,SS000799,"얼굴, 이마, 콧등에 나타나는 좁쌀 크기의 굳어진 피지 덩어리
"
18,물집,SS000801,"피부에 묽은 액체가 고여 반달모양으로 부풀어 오른 물주머니
"
19,질의 건조함,SS000485,"질 점막이 말라서 습기가 없음
"
20,말더듬,SS000070,"0.5초 이상 지속되는 음이나 음절의 반복
"
21,"삐뚤어진 눈, 코, 입",SS000298,"얼굴 가운데 중심선 기준으로 좌우 대칭이 맞지 않는 눈, 코, 입 상태
"
22,비장비대,SS000405,"비장이 병적으로 커진 상태
"
23,발이 안쪽을 향해 걸음,SS000376,"발 모양이 ""ㅅ"" 모양이 되도록 걸음 
"
24,후각장애,SS000750,"후각에 생긴 이상
"
25,"읽기,쓰기 능력 부족",SS000126,"글을 읽거나 쓰는데 어려움이 있음
"
26,감각 이상,SS000593,"신경전달로의 이상으로 감각이 저하되거나 이상감각이 느껴지는 증상
"
27,귀 상부가 두피에 매몰됨,SS000046,"귀 위쪽의 구조가 없음
"
28,삶에 대한 흥미 상실,SS000091,"삶에 대한 의지나 의욕, 재미가 없음
"
29,연속동작의 느림,SS000683,"하나의 동작에서 다음의 동작으로 연결하는데 시간이 오래 걸림
"
30,초록색 구토,SS000428,"구토물의 색이 초록색임
"
31,왜곡된 신체상,SS000112,"매우 말랐으나 스스로 뚱뚱하다고 생각하는 등의 원래의 모습과 다르게 판단하는 것
"
32,양수의 감소,SS000414,"뱃속 태아의 건강문제나 양막 파열 등 다양한 원인에 의해 양수의 양이 줄어든 상태
"
33,관절잡음,SS000256,"관절의 움직임 시 ""딱"" 하는 소리가 남
"
34,야만적 행위,SS000107,"교양없고 무례한 행위
"
35,갑상선이 단단해짐,SS000339,"갑상선이 건강문제로 인해 단단하게 변함
"
36,걸핏하면 눈물지음,SS000059,"자주 우는 모습을 보임
"
37,얼굴에 털이 자람,SS000312,"호르몬 분비 이상으로 얼굴에 털의 양이 많아지고 굵어짐
"
38,음모가 적거나 없음,SS000477,"음모가 없어 희게 보임
"
39,"눈,뺨 주위 작은 낭종",SS000792,"눈과 뺨 주위에 생긴 작은 주머니 모양의 혹 
"
40,콧물,SS000748,"콧구멍에서 흘러나오는 액체
"
41,불규칙한 반흔,SS000812,"상처가 아문 자리가 불규칙한 모양으로 자국이 남음
"
42,약물남용,SS000108,"불법적인 약물의 사용 혹은 처방되지 않은 약물의 잘못된 사용
"
43,피부 및 점막의 염증,SS000845,"피부나 점막에 붉어지거나 열감, 통증 등의 염증 증상이 관찰됨
"
44,뇌염증상,SS000281,"어떤 원인에 의해 두통, 발열, 오한, 구토, 의식 저하, 경련 등의 증상을 보이는 상태
"
45,마찰음 ,SS000638,"움직임 시 스치는 듯한 소리가 남
"
46,진한 소변색,SS000033,"간질환이나 수분 섭취 부족, 약물 등 다양한 원인에 의해 소변이 색이 짙어진 것
"
47,저심박출량,SS000895,"심장 이완 시 심방으로 유입되는 혈액량이 줄어들거나 전체 혈액순환량이 감소하는 등의 원인에 의해 심장 수축 시 박출되는 혈액량이 적은 상태
"
48,장마비,SS000426,"장의 연동 기능이 없어 움직이지 않는 상태
"
49,근골격계 이상,SS000610,"근육과 뼈에 생긴 이상 증상
"
50,미각이상,SS000561,"맛을 느끼는 감각에 생긴 이상
"
51,손상 부위 출혈,SS000773,"외상이나 골절 등의 원인으로 인해 손상이 있는 부위에서 발생한 출혈
"
52,"손,발,겨드랑이 발한",SS000821,"손, 발, 겨드랑이에 땀이 많이 남
"
53,무욕증,SS000075,"어떤 일을 하고자 하는 의지, 흥미, 욕구가 없는 상태
"
54,코막힘,SS000744,"콧구멍에서 인두까지 기도의 일부가 병적인 원인이나 이물에 의해 막히는 현상
"
55,"손,발톱이 갈라짐",SS000514,"손발톱이 쪼개져 금이가고 모양이 변형됨
"
56,다리변형,SS000236,"외상이나 질환에 의해 다리 뼈가 휘는 등의 다리 모양이 변하는 것
"
57,유루증,SS000543,"젖의 분비가 과다하게 됨
"
58,항문주위 염증,SS000535,"항문 주변에 세균이 침입해 붉게 변하고 열감이 있거나 가려운 등의 염증 증상이 나타남 
"
59,손발을 계속 움직임,SS000517,"손가 발을 가만히 두지 않고 무언가를 만지거나 계속 움직임
"
60,복벽이 움푹 들어감,SS000395,"복벽이 움푹 꺼진 상태
"
61,코 옆과 입꼬리 주름,SS000329,"코의 양 끝에서 입술 끝 언저리까지 여덟팔자 같이 생긴 주름
"
62,점막변화,SS000830,"점막의 발적, 균열 등의 이상 증세를 보이는 상태
"
63,치아 벌어짐,SS000577,"이와 이 사이 간격이 넓어짐
"
64,편측 사지의 감각소실,SS000778,"한쪽 팔, 다리의 감각이 사라짐
"
65,반점,SS000806,"피부 표면에 부풀어오르거나 패인 곳 없이 색깔 변화만 있는 상태
"
66,발적,SS000809,"피부나 점막에 염증이 생겼을 때 모세 혈관이 확장되어 이상 부위가 빨갛게 부어오르는 현상
"
67,입술 갈라짐,SS000571,"입술 피부가 건조해지거나 염증 등에 의해 갈라져 있는 상태
"
68,성욕감퇴,SS000094,"이성과의 성적인 접촉 욕구가 감소함
"
69,우유부단함 ,SS000115,"의사결정을 명확히 하지 못함
"
70,산통,SS000406,"매우 심한 복부 통증이 갑작스럽게 나타남. 
"
71,눈 감을 때 번쩍거림,SS000173,"눈 감을 때 전기불이 깜박이는 것처럼 번쩍거림
"
72,반상출혈,SS000805,"피부나 점막에 3mm 이상 크기로 나타나는 반상형의 출혈
"
73,근력 약화,SS000612,"근육의 힘이 감소하거나 약해진 상태
"
74,추위를 못견딤,SS000714,"동일한 조건에서 상대적으로 남들에 비해 추위를 견디기 어려워함
"
75,코플릭 반점,SS000585,"볼 안쪽이나 잇몸에 생긴 붉은 테를 두른 흰 반점상의 궤양
"
76,함몰가슴,SS000905,"갈비뼈의 이상 발달로 흉벽이 움푹 패여 과도하게 함몰된 기형
"
77,노출증,SS000066,"대중에게 자신의 성기를 노출함으로써 성적 쾌락을 얻는 증상
"
78,정서장애,SS000133,"
정상적인 환경에서 부적절한 행동이나 느낌을 가지며, 동료 등과 원만한 대인관계를 유지할 수 없는 상태로 우울증, 불안한 감정을 가지고, 지각, 인지, 운동 등에 학습장애가 있는 경우를 말함

"
79,경부 강직,SS000340,"머리를 숙여 턱을 가슴 안쪽으로 붙이지 못하는 증상
"
80,옷 액와 부분 변색,SS000758,"
의복의 겨드랑이 부분이 누렇게 색깔이 변함

"
81,눈꼽,SS000180,"눈에서 나오는 진득한 액이 말라붙은 것
"
82,아랫배가 뭉침,SS000411,"아랫배가 딱딱해짐
"
83,겨드랑이 악취 ,SS000866,"겨드랑이에서 나는 나쁜 냄새
"
84,더위를 못 견딤,SS000630,"더위를 참치 못하고 예민해짐
"
85,광대뼈 위치 이상,SS000267,"뺨과 관자놀이 사이의 광대뼈가 외상에 의해 원래의 위치가 아닌 곳으로 이동한 것
"
86,피부 긴장도 저하,SS000844,"전해질 불균형이나 노화에 의해 피부 긴장도가 감소한 상태 
"
87,온몸의 잔털,SS000688,"호르몬 분비 이상으로 몸에 털이 많아지거나 굵어짐
"
88,복부 불편감,SS000396,"복부의 거북하거나 괴로운 느낌
"
89,비현실감,SS000085,"가상 현실에 존재하고 있다는 느낌이나 현실과 분리되어 있다고 느끼는 상태
"
90,달모양의 둥근 얼굴,SS000283,"지방의 축적으로 열굴형이 달처럼 둥글어짐
"
91,귀의 통증,SS000048,"귀와 귀 주변에서 느껴지는 통증
"
92,눈 주위 노란 반점,SS000176,"눈 주위 노랗게 생긴 얼룩얼룩한 점
"
93,턱의 통증,SS000332,"턱, 관자놀이 부위에서 느껴지는 통증
"
94,전신 부종,SS000703,"온 몸이 부어 있는 상태
"
95,망막 이상 ,SS000194,"눈의 구조물 중 필름 역할을 하는 망막에 이상이 있는 상태
"
96,직무 태만,SS000142,"자신의 업무에 대해 열심히 하려 하지 않고 게으름
"
97,환시,SS000156,"외부에서 시각적 자극이 없는데도 시각을 인지하는 것
"
98,뇌부종,SS000278,"외상이나 종양 등의 건강문제로 인하여 뇌의 부피가 커진 상태
"
99,의식 변화,SS000319,"자기 자신이나 사물에 대하여 인식하는 능력이 여러가지 원인에 의해 변화됨
"
100,읽으려 하지 않음,SS000127,"글자를 읽기를 거부함
"
101,격동적 움직임,SS000597,"자신의 의지와 상관없이 전신 또는 신체 일부가 격하게 움직이는 증상
"
102,발 굴곡 운동의 제한,SS000370,"발을 구부렸을 때 잘 구부려지지 않음
"
103,동공산대,SS000192,"동공의 지름이 4mm 이상으로 커지는 상태
"
104,질은 없거나 짧은 맹관,SS000484,"질이 없거나 직장과 자궁 사이의 주머니 공간이 짧음
"
105,서호흡,SS000879,"느린 호흡
"
106,괄약근 기능 이상,SS000520,"항문의 대변 배출을 조절하는 근육(괄약근)의 기능 이상
"
107,실명,SS000207,"시력을 잃어 앞을 못 보게 됨
"
108,피부홍조,SS000853,"피부가 붉어짐
"
109,뇌압상승증상,SS000280,"외상이나 종양,염증 등의 건강문제로 인하여 뇌의 부피가 커지면서 압력이 증가하여 두통, 구토, 오심, 의식장애 등의 증상이 나타나는 상태
"
110,말을 많이 함,SS000071,"말의 양이 많은 상태
"
111,잔변감,SS000425,"대변을 보고 난 후에도 대변이 남아있는 느낌
"
112,지속 발기,SS000480,"발기 상태가 지속적으로 유지됨
"
113,늑막삼출,SS000869,"폐를 둘러싸고 있는 두겹의 늑막 사이 공간에 액체가 고이는 상태
"
114,귀 모양의 변형,SS000045,"정상적인 귀에 비해 위치가 다르거나 모양이 다름
"
115,사지의 창백한 현상,SS000772,"사지에 혈액순환이 안되어 핏기가 없는 상태
"
116,압통,SS000439,"눌렀을 때 느껴지는 통증
"
117,안구증대,SS000215,"눈알의 크기가 커진 상태
"
118,환청,SS000157,"외부에서 청각 자극이 없는데도 청각을 인지하는 것
"
119,요도가 아랫쪽에 위치,SS000468,"요도가 정상보다 아랫쪽에 위치함
"
120,오리걸음,SS000245,"근육이상이나 관절이상의 원인으로 다리를 벌리고 허리와 엉덩이를 흔들며 걷는 모양 
"
121,목의 이물감,SS000349,"목 부위에 다른 물질이 있는 듯한 느낌
"
122,구강건조,SS000553,"침의 분비가 감소하여 입안의 점막이나 혀가 말라있는 상태
"
123,점 안에 다른 색 피부,SS000829,"원래 있던 점 주변에 새로운 색의 점이 생김
"
124,덩어리가 만져짐,SS000438,"건강문제가 생긴 부위에 원래 없어야하는 혹이 생겨 손으로 만져지는 상태
"
125,회음부의 작은 돌기,SS000489,"회음부위의 작고 뽀족하게 도드라진 부분
"
126,정서적 둔마,SS000134,"정신이 굳어서 흐려짐
"
127,가학증,SS000056,"성적 쾌락을 얻기 위해 상대방에게 고통이나 모욕감을 주는 증상
"
128,반복되는 폐렴,SS000871,"폐렴에 여러 번 반복해서 걸림 
"
129,어깨 잡음,SS000755,"어깨 관절에서 나는 비정상적인 소리
"
130,성조숙증,SS000662,"2차 성징의 징후들이 정상적인 시기보다 빨리 나타나는 것
"
131,낮 시간대의 졸음,SS000272,"낮 시간동안 병적으로 잠이 오는 상태
"
132,상동적 행동,SS000660,"의미를 가지지 않는 이상한 행동을 반복적으로 되풀이하는 신체 행동
"
133,아래 눈꺼풀이 불룩함,SS000208,"눈 아래쪽 눈꺼풀의 탄력성이 감소하여 늘어져 불룩하게 보임
"
134,폐동맥 고혈압,SS000901,"


폐에 혈액을 공급하는 폐동맥에 이상이 생겨 폐동맥의 혈압이 상승하는 질환



"
135,음낭이 잘 발달하지 않음,SS000476,"음낭의 크기가 매우 작거나 푹 꺼져 있음
"
136,환부 통증,SS000730,"건강문제가 있는 부위에서 느껴지는 통증
"
137,담도감염,SS000389,"간에서 만들어진 쓸개즙이 이동하는 길인 담도의 감염
"
138,저작장애,SS000575,"음식물을 씹는데 문제가 있음
"
139,분만 지연,SS000012,"태아 자체의 문제나 산모의 자궁 상태에 의해 분만이 진행되지 않는 것
"
140,이중음성,SS000357,"소리를 내는 성대에 결절이나 염증 등의 원인에 의해 원래의 목소리와 다른 음성이 나오는 것
"
141,양반다리로 앉기힘듬,SS000244,"대퇴, 고관절 부위에 이상이 있어 바닥에 양반다리로 앉는 자세를 취하기 힘든 상태
"
142,관절 불안정증,SS000232,"관절을 유지하는 건이나 인대, 연골 등의 손상으로 관절 운동이 불안정한 상태
"
143,소아기호증,SS000095,"사춘기 전의 어린이에게만 성적 충동을 느끼는 증상
"
144,고름,SS000787,"화농성 감염이 있는 부위에 생긴 노르스름한 분비물
"
145,배뇨곤란,SS000009,"소변을 볼 때 느껴지는 불편감
"
146,가슴 답답,SS000860,"가슴 및 명치 부위의 답답한 느낌
"
147,손상 부위 통증,SS000664,"외상이나 골절 등의 원인으로 인해 손상이 있는 부위에서 느껴지는 통증
"
148,펴진 귓바퀴,SS000055,"귓바퀴 끝이 편평하게 펴짐
"
149,수정체 이상,SS000203,"수정체는 빛을 굴절시키는 역할을 하는 눈 내부의 기관으로 조절 능력이 감소하거나 정상 위치를 벗어나는 등의 이상이 생긴 것
"
150,면역기능 이상,SS000640,"신체에 들어 온 항원에 대항하여 항체를 생성하고 인체를 방어하는 기능에 이상이 생긴 상태
"
151,질에서 소변이 나옴,SS000483,"소변이 생식기인 질을 통해 배출됨
"
152,척추와 허리 디스크,SS000262,"척추 사이 존재하는 섬유륜이 밀려나와 척추 내 신경이 지나가는 통로가 눌려 좁아지는 현상
"
153,하지부종,SS000251,"다리, 발이 부은 상태
"
154,유방 크기의 감소,SS000544,"유방 조직이 작아짐
"
155,홍채가 흔들거림,SS000230,"홍채는 각막과 수정체 사이에서 동공의 크기를 조절하는 눈 조직의 하나로 수정체가 이동하면서 움직여 흔들리는 것처럼 보임
"
156,치핵의 탈출,SS000533,"직장의 정맥이 오랜 압력으로 늘어져서 항문 주위에 혹과 같이 되어 생긴 치질이 항문 밖으로 나온 것
"
157,영양 불량,SS000686,"영양 섭취 혹은 흡수가 부족하여 영양결핍이 온 상태
"
158,손떨림,SS000500,"손이 떨리는 상태
"
159,희망이 없는 느낌,SS000160,"어떤 행동을 하면서 그 행동으로 인해 좋아질 것이라는 느낌이 없음 
"
160,거품있는 소변,SS000002,"배뇨 후 소변에 거품이 관찰됨
"
161,대화에 불쑥 끼어듬,SS000069,"다른 사람들 사이의 대화에 동의 없이 참여함
"
162,비정상적 질출혈,SS000453,"정상적인 생리 주기에서 벗어난 비정상적인 출혈
"
163,불규칙호흡,SS000873,"들숨과 날숨이 불규칙적으로 관찰됨
"
164,공복감,SS000385,"뱃속이 비거나 배가 고픈 느낌
"
165,표준 신장의 3%이하,SS000721,"표준 신장 보다 작음
"
166,호기의 증가,SS000907,"숨을 내쉬는 시간의 증가
"
167,회음부의 파열,SS000490,"회음부가 찢어지거나 갈라져 터짐
"
168,안면부 출혈,SS000304,"안면부에 외상이나 염증으로 피가 나는 상태
"
169,사고의 비약,SS000087,"연상활동이 지나치게 빨라 생각이 한 주제에서 다른 주제로 빠르게 진행되는 현상
"
170,배꼽의 고름 및 피,SS000393,"배꼽에 농과 같은 분비물이나 피가 남
"
171,정신 혼미,SS000136,"중독이나 감염 등의 여러가지 원인에 의해 기억력, 주의력, 집중력, 사고력 등의 지적 능력이 일시적으로 상실된 상태
"
172,호흡기감염,SS000909,"기도, 기관지, 폐 등 호흡기계에 생긴 감염증
"
173,떨림(진전),SS000710,"여러가지 원인에 의해 몸이 떨리는 상태
"
174,얼굴의 나비모양 홍반,SS000313,"얼굴에 나비모양으로 생긴 적색 반점
"
175,조절할 수 없는 충동감,SS000139,"어떠한 행동을 하고자 하는 욕구를 자신의 의지로 조절할 수 없는 상태
"
176,호흡곤란,SS000908,"숨쉬기 힘듦
"
177,암 부위별로 다름,SS000105,"암부위별로 나타나는 증상이 다름
"
178,질식,SS000896,"기도를 통한 공기의 흐름이 차단되어 폐의 호흡작용에 장애가 온 상태
"
179,발의 통증,SS000375,"발가락, 발바닥, 발목 부위에 느껴지는 통증
"
180,점상 출혈,SS000707,"피부나 점막에 1~2mm정도의 점 모양으로 관찰되는 출혈 반점
"
181,치아발달장애,SS000581,"치아 형성 시기에 법랑질 모세포의 손상으로 정상적인 치아발육이 되지 않는 상태
"
182,치매,SS000328,"기억, 언어, 판단력 등의 여러 영역의 인지 기능이 감소하여 일상 생활을 제대로 수행하지 못하는 증세
"
183,말초 신경장애,SS000512,"중추신경계로부터 연결되는 말초신경 경로에 염증이나 손상등의 건강문제가 생긴 상태
"
184,"음낭에 없는 고환,부고환",SS000474,"정상적으로 음낭에 위치해야 할 고환, 부고환이 다른 부위에 위치하거나 없음
"
185,발 안쪽 아치의 소실,SS000371,"발바닥의 활모양으로 굽은 부분
"
186,울퉁불퉁한 상처 ,SS000824,"표면이 매끄럽지 못한 상처
"
187,배뇨 시 통증,SS000449,"소변을 볼 때 요도 및 회음부에 느껴지는 통증
"
188,가슴 쓰림,SS000381,"위산이 위점막을 자극하여 생기는 명치 부위에 아픈거나 쓰린 느낌
"
189,사지 마비,SS000769,"외상이나 질환에 의해 척수신경이 손상을 받아 양쪽 팔과 다리의 움직임이 약하거나 움직이지 못하는 상태
"
190,상처가 넓어짐     ,SS000817,"상처가 있던 원래의 크기 보다 커짐
"
191,굽은 등,SS000258,"상체가 앞쪽으로 숙여져 등이 동그랗게 됨
"
192,발끝으로 설 수 없음,SS000374,"발 뒤꿈치를 들고 설 수 없음
"
193,사정이 일찍 됨,SS000454,"성관계 시 사정이 빠른 시간에 이루어짐
"
194,운동 시 호흡곤란,SS000892,"걷거나 운동 시 숨쉬기가 어렵고 힘든 상태
"
195,눈의 자극감,SS000185,"눈에 이물이 들어간 것 같은 느낌
"
196,요도 불쾌감,SS000024,"요도에서 느껴지는 기분 나쁜 느낌
"
197,복부팽만감,SS000402,"복부에 가스나 복수가 차서 더부룩하게 부풀어 오르거나 불편함을 느끼는 것
"
198,사지 부종,SS000771,"팔,다리가 부은 상태
"
199,터널시야,SS000229,"터널 입구에서 사물을 바라보는 것처럼 시야가 제한되어 있음
"
200,체중감소,SS000712,"체중이 줄어듦
"
201,자반증,SS000826,"피부 또는 점막에 출혈이 있어 붉거나 보라색으로 보이는 반점
"
202,간기능 저하,SS000382,"간의 정상적인 기능이 저하됨
"
203,농신증,SS000388,"신우 속에 고름이 차 있는 상태
"
204,괴사,SS000788,"어떤 비정상적인 원인에 의해 세포가 죽음
"
205,저체온,SS000698,"신체가 추위에 노출되는 등의 환경적 요인이나 외상, 갑상선기능저하증과 같은 질환 등의 이유로 체온 유지 기전이 손상되어 정상체온을 유지 하지 못하고 체온이 35℃ 이하로 떨어진 상태
"
206,간성뇌증,SS000264,"간에 생긴 건강문제로 인해 해독 기능을 할 수 없어 암모니아가 과도하게 축적되어 나타나는 정신 이상 상태
"
207,관절의 경직,SS000762,"관절이 굳어서 운동을 할 수 없거나 움직이기 힘든 상태
"
208,눈비빔,SS000183,"눈의 이물감이나 자극으로 반복적으로 눈을 비비는 상태
"
209,중이염소견,SS000052,"귀의 고막 안의 공간을 중이(중간귀)라고 하는데, 이곳에 만성적인 염증이 생겨 진물과 고름이 나오고 좋지 않은 냄새가 나는 등의 증세
"
210,실행증,SS000301,"감각 기관이나 운동 능력에 손상은 없으나 대뇌 일부의 손상으로 지시에 따른 행동이나 운동을 하지 못하는 상태
"
211,위장관 출혈,SS000421,"식도, 위, 소장 등의 소화기관 안의 출혈이 있어 피를 토하거나 항문을 통해 배설하는 상태
"
212,청력장애,SS000054,"듣는 것에 문제가 있음
"
213,피부균열,SS000849,"피부가 갈라지고 터짐
"
214,권태감,SS000735,"몸이 나른한 느낌
"
215,발육부전,SS000648,"어떠한 원인에 의해 성장속도가 평균에 미치지 못하는 상태
"
216,잦은 상기도 감염,SS000360,"바이러스나 세균에 의해 상부 기도에 염증이 자주 발생함
"
217,애착 상대와 분리 거부,SS000106,"애착상태와 떨어져 있으려 하는 것을 강하게 거부함
"
218,탯줄의 압박,SS000041,"탯줄을 태아가 머리로 누르거나 몸에 감아 당겨짐 
"
219,머리모양 변형,SS000287,"두개골의 모양이 변함
"
220,다른 선천성 기형,SS000624,"진단된 기형 외 선천적으로 가지고 있는 기형
"
221,환부의 분비물,SS000155,"건강문제가 있는 분위에서 나오는 분비물
"
222,혀끝이 w모양,SS000588,"혀끝의 모양이 W 모양을 띰
"
223,방광 팽만,SS000008,"방광에 소변이 차면서 소변을 배출하지 못하여 느끼는 하복부의 팽만감
"
224,무의지증,SS000076,"목적있는 행동이나 사고를 수행할 능력이 상실된 상태
"
225,팔의 통증,SS000760,"팔, 팔목, 팔꿈치  부위에서 느껴지는 통증
"
226,생리불순,SS000456,"생리 주기가 불규칙함
"
227,자궁이 없음,SS000031,"검사 시 자궁이 관찰되지 않음
"
228,무맥,SS000767,"맥박이 없음
"
229,시림,SS000518,"혈액순환장애나 신경 손상 등의 원인에 의해 손발이 차갑거나 시린 느낌이 있는 것
"
230,빛이나 소리 공포증,SS000086,"빛이나 소리에 대한 두렵고 무서움
"
231,관절통,SS000779,"관절이 외상이나 감염, 염증 등에 의해 아픈 증상
"
232,미소음경(micropenis),SS000447,"음경이 비정상적으로 작음
"
233,손발가락이 6개 이상,SS000516,"손발가락 개수가 여러 개인 기형
"
234,거칠어진 피부,SS000782,"피부가 거칠어짐
"
235,양막 유착,SS000022,"태반을 이루는 여러 층의 막중 하나인 양막이 분리되지 않고 엉겨붙음
"
236,운동장애,SS000691,"근긴장 이상, 실행, 실조, 근력 이상, 마비 등의 다양한 원인에 의해 발생된 운동기능의 장애
"
237,색깔이 퇴색해보임,SS000201,"눈에 생긴 이상으로 사물의 색이 원래보다 흐리게 보이는 것
"
238,감정 변화,SS000057,"행동이나 생각에 변화가 생김
"
239,무릎 부위 통증,SS000239,"무릎 부위에서 느껴지는 통증
"
240,임신 오조증,SS000424,"임신 기간동안 오심이 심함
"
241,고탄산증,SS000601,"혈액에 탄산 수치가 상승되어 있음
"
242,"원형, 타원형의 탈모",SS000318,"탈모가 있는 부위가 원형이나 타원형의 형태를 보임
"
243,어깨근육 약화,SS000756,"어깨 근육 질환에 의해 어깨 근육의 힘이 약해짐
"
244,"손, 발 감각 저하",SS000513,"손과 발에 감각이 무뎌짐
"
245,얼굴 한쪽의 반점,SS000308,"얼굴의 한쪽에만 청색이나 흑색의 반점이 있음
"
246,회색변,SS000539,"대변의 갈색을 내게하는 담즙이 종양이나 염증, 담석 등의 원인에 의해 정상적으로 배출되지 않아 변의 색이 회색을 띰 
"
247,보챔,SS000653,"아프거나 졸릴 때 울거나 칭얼거리는 것
"
248,박동성 통증,SS000293,"머리에 맥박이 뛰는 것 같이 느껴지는 통증
"
249,글자가 휘어져보임,SS000171,"눈의 구조물에 생긴 이상으로 글씨가 휜것 처럼 보이는 상태
"
250,침 분비 증가,SS000584,"병적 원인에 의해 침이 식도로 넘어가지 못하고 입으로 배출됨
"
251,종양부위 부종,SS000708,"종양이 발생한 부위가 부은 상태
"
252,수면 무호흡,SS000880,"잠자는 동안에 숨쉬기를 멈추는 것
"
253,이상한 소리를 냄,SS000120,"자신의 의지와 상관없이 의미 없는 소리를 반복적으로 냄
"
254,헛배,SS000435,"배 속에 가스가 차서 배가 불어남
"
255,행동장애,SS000152,"지속적으로 타인의 권리를 침범하거나 나이에 걸맞지 않게 사회적 규범을 어기는 행동이 나타나는 장애
"
256,배뇨장애,SS000010,"배뇨와 관련한 생식기계, 비뇨기계, 신경계 이상으로 소변을 보는데 어려움이 있는 것   
"
257,화농성 비루,SS00957,"농과 같은 코점막 분비물
"
258,자율신경장애,SS000695,"혈관이나 장기 벽을 이루는 민무늬근, 심장 근육, 샘에 분포하여 수축과 분비를 조절하는 신경에 이상이 생긴 것
"
259,충동적 도벽,SS000164,"자신의 의지로 조절되지 않는 충동감으로 물건을 훔침
"
260,다리의 길이가 틀림,SS000237,"똑바로 누워 무릎을 굽혔을 때 무릎의 높이가 다름
"
261,울혈성 심부전,SS000893,"다양한 원인에 의해 심장이 신체에 필요한 혈액을 충분히 공급하지 못하는 심장 기능 저하 상태
"
262,통증 없는 부종,SS000719,"누르거나 어떠한 자극을 주어도 아프게 느껴지지 않으나 부어있는 상태
"
263,심혈관계 증상,SS000678,"가슴 중앙의 통증이나 불편감, 어지러운 느낌 등 심장과 혈관의 이상 증상
"
264,사회성 부족,SS000088,"원만한 대인관계 형성을 맺지 못하는 증상
"
265,환부 부종,SS000729,"건강문제가 있는 부위가 부은 상태
"
266,대인관계 어려움,SS000068,"다른 사람을 상대하는 것을 꺼리거나 싫어함
"
267,온몸이 떨림,SS000689,"온몸이 떨리는 증세
"
268,음식섭취 거부,SS000568,"음식 먹는 것을 싫어하거나 잘 먹지 않으려고 하는 것
"
269,이폐색감,SS000051,"귀의 통로가 막힌 듯한 느낌
"
270,반사회적 인격장애,SS000078,"통용되는 사회 규범이나 질서 또는 이익에 반대되는 행동을 하는 인격장애
"
271,망상,SS000072,"교육 정도나 문화적인 환경에 걸맞지 않는 잘못된 믿음 또는 생각
"
272,주변시야손상,SS000225,"초점을 맞춘 부위가 아닌 주변 시야를 보는 시력의 손상
"
273,발바닥 피부 두꺼워짐,SS000808,"발바닥 피부에 각질이 두꺼워짐
"
274,읽기 자체의 문제,SS000125,"글자를 읽을 수 없음
"
275,흉수,SS000914,"흉막강 사이에 생긴 비정상적으로 고인 액체 
"
276,환부 냉감,SS000728,"환부의 차가운 느낌
"
277,안구돌출,SS000214,"눈이 앞쪽으로 튀어나옴
"
278,대비감 감소,SS000191,"서로 다른 것을 나란히 놓았을 때 그 차이를 구별하는 능력이 감소함
"
279,심잡음,SS000890,"심장의 혈류가 판막이나 혈관을 지날 때 들리는 비정상적인 소리
"
280,수막자극증상,SS000299,"뇌를 둘러싸고 있는 막 중 지주막하 공간에 염증이 생긴 경우 나타나는 두통, 열, 구토, 목 부위 경직, 실신 등의 증상
"
281,입 주변 부종,SS000570,"잇몸, 입술 등 입 주변이 부은 상태 
"
282,입수면기의 환각,SS000128,"수면을 시작할 때 지각되는 실제 대상이 없는데도 지각되는 감각
"
283,기민상태,SS000268,"자극이 없어도 깨어나고 시각적, 청각적, 촉각적 자극에 즉각 반응하는 상태
"
284,금단증상,SS000619,"지속적으로 사용하던 물질(알코올, 니코틴 등)을 갑자기 중단하거나 양을 줄일 경우 발생하는 생리적, 심리적 이상 증상 
"
285,외부 생식기가 모호함,SS000467,"외부 생식기의 남, 녀 구분이 모호함
"
286,안검내반,SS000209,"눈꺼풀의 가장자리가 안쪽, 즉 눈으로 말려들어가 속눈썹이 각막과 접촉함으로써 지속적으로 자극을 주는 현상
"
287,실신,SS000676,"뇌의 혈액순환 문제 또는 중추신경 이상으로 인해 일시적으로 의식을 잃는 상태
"
288,사물이 찌그러져 보임,SS000199,"망막에 생긴 이상으로 사물이 형태가 찌그러진 것처럼 보이는 것
"
289,심방 부정맥,SS000883,"심장은 좌우 두개의 심방과 심실로 구성이 되며 심장 근육의 전기적 자극에 의해 수축과 이완을 한다. 이때 정상 전도로가 아닌 심방 조직에서 전기적 신호가 발생하거나 전달에 이상이 있는 경우를 심방 부정맥이라고 한다.
"
290,수면 시작이 어려움,SS000097,"잠이 들기까지 시간이 오래걸림
"
291,코가 삐뚤어짐,SS000742,"코의 모양이 바르지 못하고 한쪽으로 기울어지거나 쏠린 모양
"
292,각질이 딱딱해짐,SS000780,"피부 표피가 딱딱함
"
293,얼굴 중심선이 안맞음,SS000307,"얼굴이 중심선을 기준으로 좌,우 균형이 맞지 않음
"
294,이중턱,SS000323,"턱 아래가 볼록해진 상태
"
295,복부의 박동감,SS000401,"복부에서 맥이 뛰는 느낌이 느껴짐
"
296,여드름,SS000823,"모낭과 연결된 피지선에 발생한 염증성 피부 질환
"
297,근육강직,SS000614,"근육이 딱딱하게 굳어지는 느낌이나 상태
"
298,자제력 상실 두려움,SS000130,"자신의 욕구를 스스로 통제하는 힘을 잃는 것에 대해 두려운 느낌이 듬
"
299,피부 건조,SS000843,"미세한 비늘이나 피부 갈라짐, 소양감 등이 나타나는 피부의 수분 부족 상태
"
300,오심,SS000416,"속이 메스꺼워 구토를 할 것 같은 느낌
"
301,앞이 뿌옇게 보임,SS000219,"안개가 낀 것 처럼 보임
"
302,수면 유지가 어려움,SS000098,"잠이 든 후 자주 깸
"
303,피부소양감,SS000740,"피부를 긁거나 비벼대고 싶은 욕망을 일으키는 불편한 느낌
"
304,가래,SS000859,"기관지나 폐에서 나오는 분비물
"
305,놀람반사의 약화,SS000277,"신생아가 소음이나 갑작스런 자극에 대해 놀라거나 팔과 다리를 뻗고 주먹을 꽉 쥐고 포옹을 하듯이 팔을 다시 끌어당기는 행동이 약함 
"
306,눈꺼풀 처짐증,SS000178,"눈꺼풀을 들어올리는 근육에 이상이 있어 눈꺼풀이 잘 올려지지 않는 상태
"
307,경련,SS000598,"자신의 의지와 상관없이 전신 또는 신체 일부가 마비되거나 떨리는 증상
"
308,귀두가 울혈됨,SS000444,"귀두에 피가 몰림
"
309,다리가 잘 안 벌어짐,SS000235,"똑바로 누워 다리를 벌렸을 때 벌어지지 않음
"
310,손가락 운동장애,SS000497,"손가락을 굽히거나 펴는 등의 운동에 이상이 있는 상태 
"
311,경직,SS000600,"몸이 뻣뻣하게 굳음
"
312,생식기 부종,SS000458,"생식기, 회음부가 부은 상태
"
313,구강호흡,SS000555,"코가 막히거나 기타 다른 이유로 코로 숨쉬지 않고 입으로 숨을 쉬는 것
"
314,돌연사,SS000631,"갑작스런 죽음
"
315,목 주변 부종,SS000347,"목부위가 부은 상태
"
316,곤봉지,SS000509,"손이나 발가락 끝이 둥그렇게 굵어진 곤봉 모양을 보임
"
317,체모감소,SS000835,"호르몬 분비 이상이나 과도한 스트레스로 몸의 털이 빠져 줄어든 상태 
"
318,자살의 위험,SS000129,"자신의 목숨을 끊고자하는 행동을 보임
"
319,수면 중 소변을 봄,SS000019,"잠을 자다가 본인의 의지와 상관없이 소변을 봄
"
320,치아가 솟은 느낌,SS000580,"잇몸이 아래쪽으로 내려가 치아가 위로 올라온 것 처럼 느껴지는 것
"
321,목소리 변화,SS000348,"목소리를 내는 성대에 압박이나 자극으로 목소리에 변화가 생긴 상태
"
322,안구진탕,SS000216,"자신의 의지와 상관없이 눈이 빠르게 움직이는 상태
"
323,치아의 탈락,SS000582,"치아가 빠짐
"
324,남성스러운 목소리,SS000345,"굵고 낮은 저음의 목소리
"
325,겨드랑이 멍울,SS000541,"겨드랑이에 만져지는 혹이 있음
"
326,색소 침착,SS000819,"멜라닌이나 헤모지데린과 같은 색소가 병적으로 증가하여 짙은색으로 나타나는 상태
"
327,염증 장애에 따라 다양,SS000466,"습관성 유산, 여성불임, 인공수정과 관련한 합병증 등의 염증과 관련없는 여성생식기의 장애
"
328,눈 주변 부종,SS000175,"눈 주변 부위가 부어있는 상태
"
329,말단비대,SS000511,"뼈가 넓고 두텁게 성장하여 사지가 커지고 아래턱은 길어지고 콧등은 넓어지는 증상
"
330,근육긴장,SS000615,"근육이 수축하여 단단히 뭉쳐있는 상태
"
331,혈변,SS000538,"피가 섞인 대변이 배출됨
"
332,경부 운동 제한,SS000342,"목의 움직임이 제한됨
"
333,"4,5번째 손가락 굽음",SS000493,"손가락 운동을 조절하는 근육이나 건에 이상이 생겨 구부러진 상태
"
334,신경과민,SS000671,"심신의 과로나 지속적인 스트레스에 대해 과민하게 반응하여 초조해지기 쉽고, 피로해지기 쉬운 상태
"
335,와해된 행동,SS000111,"상황이나 논리에 맞지 않는 행동을 함
"
336,항문출혈,SS000536,"항문 주변에서 나는 출혈로 선명한 붉은 색을 띠는 출혈
"
337,체중증가,SS000713,"체중이 늘어남
"
338,지연뇨,SS000481,"소변을 볼 때 소변이 나올 때까지 시간이 오래 걸림
"
339,생리량 감소,SS000455,"호르몬 이상으로 생리양이 병적으로 감소하는 상태
"
340,출혈 경향성,SS000716,"작은 자극, 손상에도 쉽게 출혈되는 상태
"
341,사망,SS000657,"죽음
"
342,가늘어지는 팔다리,SS000761,"팔다리의 근육이나 지방이 감소하여 굵기가 가늘어짐
"
343,비문증,SS000197,"먼지나 벌레 같은 것이 떠다니는 것 같은 증상
"
344,흉곽 팽윤,SS000911,"


흉곽이 부피가 커짐



"
345,쇼크,SS000665,"순환혈액량 감소나 말초혈관의 확장, 심장 이상, 신경성, 아나필락시스 등의 원인에 의해 조직에 저산소증을 일으켜 탄산가스나 유산 등의 대사산물의 축적을 일으킨 상태
"
346,각막 위로 결막 침범,SS000165,"눈의 각막(검은부분) 위로 결막(흰부분)이 침범한 상태
"
347,피부염증,SS000852,"


발적, 종창, 열감, 통증을 동반하는 피부의 염증 상태



"
348,수면장애,SS000102,"불면증, 과다 수면, 기면병, 수면 무호흡증,악몽, 야경증, 몽유병 등의 원인에 의해 수면에 곤란이나 이상이 있을 경우
"
349,배꼽이 솟음,SS000394,"배꼽이 복벽의 높이보다 튀어나옴
"
350,몸살,SS000641,"몸이 쑤시거나 나른하며 기운이 없고 오한이 나는 상태
"
351,회음부 불쾌감,SS000488,"항문과 회음부에 기분 나쁜 느낌이 있음
"
352,사마귀 위 털이 많음,SS000816,"사마귀가 난 부위 위로 털의 양이 많아지거나 굵어짐
"
353,음경이 휘어짐,SS000472,"음경이 구부러짐
"
354,반복적인 동작,SS000646,"자신의 의지와 상관없이 신체가 동일한 행동을 하는 증상
"
355,무호흡,SS000870,"호흡이 없음
"
356,다뇨,SS000005,"소변의 양이 비정상적으로 많음
"
357,피가 정액에 나옴,SS000487,"정액이 피가 섞여 붉음
"
358,검은색 가래,SS000865,"탄가루같은 검은 물질이 섞인 검은색의 가래
"
359,하얀 반점,SS000858,"점막이나 피부에 나타나는 흰색의 반점
"
360,귀에서 냄새가 남,SS000047,"귀에서 악취가 남
"
361,림프 부종,SS000635,"림프관에 문제가 생겨 피하 조직에 림프액이 고여 단단해지고 부어있는 상태
"
362,X자 다리,SS000254,"똑바로 섰을 때 무릎 아래가 바깥으로 벌어져 있고 양 발목은 어른 주먹 한 개 이상이 들어갈 정도로 벌어져있는 다리 상태
"
363,기억장애,SS000269,"기억력에 문제가 생겨 잘 기억하지 못하는 상태
"
364,손상부위 촉각 소실,SS000774,"손생된 부위에 신경이 손상되어 만지는 느낌이 없음
"
365,발작적인 울음 ,SS000649,"병적으로 갑자기 세차게 발생하는 울음
"
366,식욕증가,SS000104,"먹고자 하는 의지가 강해짐
"
367,눈이 무거운 느낌,SS000189,"눈이 피곤하고 묵직해진 느낌
"
368,소변이 샘,SS000018,"자기도 모르는 사이에 소변이 나오거나, 소변이 마렵다는 느낌은 드나 참지 못하며 옷에 실수를 하고, 기침을 하거나 갑자기 움직이거나 방귀를 뀌어도 소변이 나오는 것
"
369,신발 안쪽이 주로 닳음,SS000377,"신발 안쪽이 땅에 많이 쓸림
"
370,엄지 발가락의 돌출,SS000379,"엄지발가락이 바깥쪽으로 튀어나옴
"
371,양무릎사이 벌어짐,SS000243,"다리가 바깥쪽으로 휘어 무릎 사이 간격이 넓어짐
"
372,요정체,SS000026,"소변이 나가는 길이 막히거나 배뇨를 관장하는 신경에 이상이 생겨 소변이 배설되지 못하고 체내에 머물고 있는 상태
"
373,오후 우울감 완화,SS000109,"우울한 상태가 오후 시간이 되었을 때 호전을 보임
"
374,달걀 위에 앉아있는 느낌,SS000521,"회음부에 생긴 건강문제로 인한 이물감 때문에 마치 달걀위에 앉은 듯한 불편한 느낌
"
375,동정맥루 잡음 약화,SS000752,"정상적인 동정맥루에서 나는 잡음보다 소리가 작아짐
"
376,미세반점의 군집,SS000804,"작은 반점이 무리지어 있음
"
377,심근손상,SS000882,"외상이나 허혈, 염증 등의 원인에 의해 심장을 구성하는 근육 조직에 손상이 있는 상태
"
378,코의 모공이 커짐,SS000746,"코에 모공의 크기가 커져 까맣게 점처럼 보임
"
379,안구건조,SS000212,"눈 구조물의 염증, 외상, 노화 등의 원인에 의해 눈물의 분비가 줄어들거나 눈물의 성분에 변화가 생겨 눈이 건조하게 느껴지는 증세
"
380,고정된 믿음,SS000060,"자신이 생각하고 있는 것만이 옳다고 함
"
381,혈소판감소 ,SS000724,"혈액검사 결과 상  혈소판 수치가  감소한 상태
"
382,위험한 행동 반복,SS000117,"자해나 타해를 반복하여 일으킴
"
383,안면 변형,SS000302,"얼굴 모양이 구조적인 변화가 있음
"
384,고환에 낭이 만져짐,SS000443,"고환에 물주머니와 같은 덩어리가 만져지는 것
"
385,이마가 넓어짐,SS000321,"머리카락 시작선이 뒤로 물러나 이마의 넓이가 넓게 보임
"
386,자궁 수축,SS000030,"분만이 아닌 때 있는 비정상 자궁 수축
"
387,언어장애,SS000306,"외상이나 뇌병변 등의 원인으로 인해 말하는 능력이나 듣고 이해하는 능력에 장애가 생기는 현상
"
388,구각염,SS000552,"입꼬리 부분에 생긴 염증
"
389,뻣뻣함,SS000242,"뼈와 뼈 사이를 잇는 관절이 굳어 뻣뻣하게 느껴지는 증상
"
390,당뇨,SS000628,"혈관 속에 포도당이 과다하게 증가하여 소변으로 포도당이 배출되는 것
"
391,기운없음,SS000621,"쇠약하여 일을 감당할 수 있는 에너지와 힘이 없음
"
392,좁은 공간에서의 불안감,SS000140,"급히 빠져나갈 수 없는 장소 또는 도움을 받기 어려운 장소나 상황에 혼자 가는 것을 두려워하는 상태
"
393,안면홍조,SS000305,"얼굴이 붉어짐
"
394,잦은 감염,SS000696,"균(박테리아)이나 바이러스,기생충 등이 인체로 들어와 건강문제를 일으키는 것
"
395,거품이 섞인 가래,SS000864,"기관지나 폐에서 나오는 거품과 같은 분비물
"
396,불규칙적 진통,SS000013,"자궁 수축의 간격이 불규칙한 상태
"
397,성대마비,SS000354,"목소리를 내는 성대 근육의 마비로 쉰목소리를 내거나 소리를 내지 못하는 상태
"
398,남: 9세 전 2차 성징,SS000623,"9세 이전에 고환이나 성기가 커지는 등의 2차 성징이 나타남
"
399,침침함,SS000228,"사물이 똑똑히 보이지 않고 흐릿함
"
400,십이지장궤양,SS000410,"십이지장 점막이 헬리코박터균의 감염, 흡연 등 여러가지 원인에 의해 표면 점막층보다 깊이 패여 손상된 상태
"
401,안구 이상,SS000211,"안구 마비로 안구 운동 및 시각에 장애가 있음
"
402,안쪽 발이 튀어 나옴,SS000378,"발 안쪽이 움푹 들어가지 않고 튀어나와 편평한 상태임
"
403,지남력 장애,SS000326,"시간, 장소, 사람에 대한 적절한 인식을 하지 못하는 상태
"
404,조급증,SS000138,"느긋하지 않고 매우 급한 성질
"
405,고환 불쾌감,SS000441,"고환 부위에 좋지 않은 느낌이 있음
"
406,부분적 음순융합,SS000450,"선천적 결함으로 음순의 양쪽 부분이 부분적으로 합쳐져 있음
"
407,뼈의 통증,SS000656,"건강문제가 발생한 부위의 뼈에서 느껴지는 통증
"
408,피학증,SS000150,"성적 쾌락을 얻기 위해 모욕이나 고통을 받으려고 하는 증상
"
409,음핵비대,SS000478,"음핵이 커짐
"
410,성생활이 힘듦,SS000465,"정상적인 성관계가 어려움
"
411,사래걸림,SS000876,"기도, 기관지, 폐로 이물질을 들여마셔 나타나는 기침 등의 호흡기 반응
"
412,손마디가 뻣뻣해짐,SS000501,"손가락을 굽히거나 펴는 등의 운동 시 손가락 관절이 굳어져 뻣뻣한 느낌이 드는 상태
"
413,긴장,SS000063,"골격근육이 일정한 단축 상태에 있거나 감정, 감각, 행동의 원인이 되는 심리적 상태 
"
414,흉부압박감,SS000912,"


가슴을 무겁게 누르거나 꽉 조이는 느낌



"
415,이상행동,SS000121,"평소와 다른 행동을 보임
"
416,사회적 고립,SS000089,"동료에게 전혀 관심을 끌지 못하거나 그룹활동에서 선택되지 못하는 것
"
417,근긴장의 이상,SS000611,"정상 근육 긴장도에 비해 감소하거나 증가한 이상 상태 
"
418,어깨의 통증,SS000757,"어깨 부위에서 느껴지는 통증
"
419,후궁반장,SS000732,"척추가 활 모양으로 둥굴게 휘면서 과신전되고 경직되는 발작
"
420,유방의 멍울,SS000547,"유방에서 만져지는 혹
"
421,임신 주수보다 작은 배,SS000028,"임신 주수에 따라 평균적으로 나와야하는 배보다 작은 경우 
"
422,임신중 배의 크기가 줄어듦,SS000029,"임신 중 나온 배가 다시 작아지는 상태
"
423,고막 충혈,SS000043,"귀 안쪽 고막에 혈액이 몰려 붉게 보이는 상태
"
424,수유 곤란,SS000565,"엄마의 유방 문제나 아기의 구강 문제로 수유하기 어려운 상태를 말함
"
425,신장 발육부전,SS000674,"신장이 정상보다 크기가 작음
"
426,권리를 강하게 주장,SS000062,"자신의 권리를 과도하게 강하게 표현함
"
427,흑색변,SS000540,"검은색의 변
"
428,무논리증,SS000074,"말이나 사고가 이치에 맞지 않음
"
429,어지러움,SS000737,"실제 정지해 있음에도 불구하고 빙글빙글 도는 듯한 느낌
"
430,야맹,SS000220,"밝은 곳에서 어두운 곳으로 들어갈 때 적응을 하지 못하거나 희미한 불빛 아래 또는 어두운 곳에서 사물을 분간하기 어려운 증상
"
431,태아 심박동수 이상,SS000038,"태아의 심장 박동수가 정상에서 벗어난 상태
"
432,눈부심,SS000182,"밝은 빛을 잘 보지 못하는 증상
"
433,에너지가 적음,SS000681,"어떤 일을 하고자 하는 의지가 적음
"
434,죽음에 대한 공포,SS000141,"어떠한 행동의 결과로 죽을 수도 있다거나 죽는다는 것 자체에 대한 공포감이 심함
"
435,척추 후만,SS000261,"척추가 뒤로 휨
"
436,"태아, 신생아의 기형",SS000146,"검사 시 뱃속 태아에게서나 출생 후 신생아에게서 기형이 관찰됨
"
437,"태아 뼈,근육의 기형",SS000145,"검사 시 뱃속 태아의 골격에 기형이 관찰됨
"
438,헛기침,SS000906,"가래를 배출하지 않는 기침. 호흡을 효율적으로 하기 위해 기도의 이물질을 밖으로 배출하려는 방어적 반사작용.
"
439,고음에서의 분열,SS000344,"소리를 낼 때 높은 음에서 갈라지는 소리가 남
"
440,문맥성고혈압,SS000392,"간으로 이동하는 혈류인 간문맥의 압력이 높아진 상태
"
441,빈혈,SS000654,"혈액 속에 헤모글로빈 농도가 감소한 상태로 혈액의 산소 운반 기능이 떨어져 얼굴이 창백해지고 쉽게 피로감을 느끼는 것
"
442,얼굴이 화끈거림,SS000315,"얼굴에 실제로 열감이 있거나 열감이 있는 것처럼 느껴짐
"
443,삼키기 곤란 ,SS000352,"씹고 삼키는 능력의 손실 또는 손상으로 먹는 능력이 저하되어 어려움이 있는 상태
"
444,우울,SS000114,"기분, 생각, 사고과정, 동기, 의욕, 관심, 행동, 수면, 신체활동 등 전반적인 정신 기능이 저하된 상태
"
445,코의 기형 동반,SS000745,"다른 부위에 기형과 함께 코의 기형이 함께 나타남
"
446,비관주의,SS000082,"나쁜 결과나 과정만 생각함
"
447,털이 동반되기도 함,SS000840,"피부 착색 부위에 털이 촘촘하게 남
"
448,갈퀴족지 ,SS000368,"발가락의 마디가 굽어져 발 모양의 변형을 보임
"
449,분홍색의 반흔,SS000811,"


상처가 아문 자리에 분홍색으로 자국이 남음



"
450,발음 이상,SS000562,"발음에 관여하는 입술, 혀, 치아 등에 이상이 있어 정확하지 않은 소리를 내는 것
"
451,무도증,SS000643,"자신의 의지와 상관없이 신체가 움직이는 증상
"
452,눈물흘림,SS000181,"눈물이 비정상적으로 많이 나는 상태
"
453,복부경련,SS000399,"복부 근육이 수축하거나 떨리는 증상 
"
454,인지장애,SS000324,"뇌손상이나 질환 등 다양한 원인에 의해 사물을 분별하여 인지할 수 있는 기능에 문제가 있는 상태
"
455,나쁜 품행,SS000064,"부적절하거나 남에게 해를 끼치는 행동
"
456,태동의 위치 이상,SS000036,"태아의 운동이 느껴지는 위치가 비정상적임
"
457,감각 과민,SS000592,"자극에 대한 감각이 증가함
"
458,염좌,SS000380,"뼈와 관절을 연결하는 인대가 찢어지거나 파열된 상태
"
459,방향감각 상실,SS000294,"좌, 우, 상, 하 의 감각이 없어짐
"
460,O자 다리,SS000253,"다리를 똑바로 펴고 섰을 때 무릎 사이가 2cm에서 7.5cm 이상 바깥으로 휘어진 다리 상태
"
461,질 밖으로 빠지는 느낌,SS000482,"질이 바깥으로 나오는 느낌이 있음
"
462,합지증,SS000508,"손가락이나 발가락이 분리되지 않고 붙어 있는 것 
"
463,노란 이물질,SS000791,"환부에 노란색의 물질이 보임
"
464,적색의 각질화된 피부,SS000828,"피부 바깥쪽 표피층이 붉게 변색되어 딱딱하게 변함
"
465,함몰유두,SS000549,"한쪽 또는 양쪽 유두가 돌출되지 않고 유방 쪽으로 들어간 것
"
466,학습장애,SS000335,"지능은 정상이지만 듣기, 말하기, 읽기, 쓰기 또는 계산 능력에 심각한 문제가 나타나는 여러 장애를 말함
"
467,멍,SS000798,"피부 밑의 혈관이 터져 피부 밑조직에 출혈된 상태
"
468,시야장애,SS000206,"한 지점을 볼 때 눈을 움직이지 않고 볼 수 있는 시력 범위
"
469,목의 통증,SS000350,"목 주변에서 느껴지는 통증
"
470,안면부 열상,SS000567,"안면부가 찢어진 상태
"
471,"볼, 눈주위 움푹 꺼짐",SS000295,"피하지방층이 감소하여 눈 주변과 볼살이 꺼진 것처럼 보임
"
472,새가슴,SS000877,"흉골이 기형적으로 과도하게 돌출된 상태
"
473,두피 건조,SS000285,"머리카락 안쪽의 피부가 건조함
"
474,판단력장애,SS000148,"사물을 인식하거나 논리, 기준에 의해 판단하는 능력의 장애 
"
475,하지의 근력약화,SS000252,"다리의 근육 힘이 약화됨
"
476,음성피로,SS000356,"큰소리를 장시간 내거나 힘을 주어 목소리를 내는 등의 무리했을 때 목소리를 내는데 피로를 느끼는 것
"
477,이인증,SS000123,"자신의 심리 과정이나 신체로부터 떨어져 있는 듯한 느낌
"
478,물집성 표피 박리,SS000802,"물집이 생기면서 표피가 벗겨짐
"
479,손가락으로 밀면 들어감,SS000408," 부위가 손가락으로 밀면 일시적으로 들어감
"
480,탁한 소변,SS000035,"소변에 농이 섞여 맑지 않고 뿌옇게 보임
"
481,치아 통증,SS000578,"치아 또는 잇몸이 아픈 느낌
"
482,요로감염,SS000025,"소변이 흐르는 길에 감염이 있는 것
"
483,고막에 수포형성,SS000044,"고막에 생긴 물집
"
484,손가락 힘이 약해짐,SS000498,"물건을 쥐거나 누르는 등의 손가락 힘이 약해짐
"
485,소화불량,SS000407,"음식을 섭취한 후 일어나는 속쓰림, 트림, 구역질, 상복부 불쾌감, 위장의 팽만감, 복통 등의 소화장애 증세
"
486,이가 시림,SS000569,"양치 시, 찬물을 먹거나 음식물 섭취 중 이가 시린 느낌이 남
"
487,포만감,SS000434,"넘치도록 가득 차 있는 느낌
"
488,피로감,SS000723,"과로로 정신이나 몸이 지쳐 힘든 상태
"
489,유방의 과다 성장,SS000546,"유방 조직이 매우 커짐
"
490,무릎 부위 부종,SS000238,"무릎 부위가 부은 상태
"
491,높아진 자존심,SS000067,"병적으로 강한 자존심을 보이는 상태
"
492,음낭이 작아 보임,SS000475,"음낭의  크기가 작게 보임
"
493,눈가 및 이마 주름,SS000177,"피부 아래 콜라겐의 감소로 피부에 줄이 생김
"
494,분출성 구토,SS000404,"솟구쳐 뿜어나오는 양상의 구토
"
495,볼이 처짐,SS000296,"볼살이 아래로 쳐진 상태
"
496,접촉도착증 ,SS000131,"상대방의 신체 일부분에 몸을 문질러 쾌감이나 성적 흥분을 얻는 것
"
497,부유물이 보임,SS000196,"공기 중에 점이나 먼지같은 것이 떠다니는 것처럼 보임
"
498,눈의 충혈,SS000186,"눈의 구조물 중 하얗게 보이는 공막에 가느다란 핏줄이 불거져 빨갛게 보이는 상태
"
499,수면 후에도 피로함,SS000668,"수면 이후에도 피로가 풀리지 않고 계속 피곤한 상태
"
500,한쪽 입 꼬리의 상승,SS000587,"입의 한쪽 끝이 자신의 의지와 상관없이 올라간 상태
"
501,사물이 두개로 보임,SS000198,"하나의 사물이 두개로 보임
"
502,여: 8세 전 2차 성징,SS000682,"8세 이전에 유방이 발달하거나 월경을 시작하는 등의 2차 성징이 나타남
"
503,와해된 언어 ,SS000110,"상황이나 논리에 맞지 않는 말을 함
"
504,태아 저체중,SS000039,"태아의 몸무게가 정상 발달 단계의 평균적인 태아 몸무게보다 적은 경우
"
505,배변장애,SS000524,"설사,복통,변비 등 배변 활동의 이상 상태
"
506,닭살,SS000795,"피부가 닭살과 같이 우들두들하게 도드라진 피부 상태
"
507,근위축,SS000613,"오랫동안 사용하지 않거나 병적인 변성으로 근육 섬유의 수가 감소하여 근육의 크기가 줄어든 상태
"
508,주먹을 쥐기 힘듬,SS000507,"피부, 근육이 굳어져 주먹을 단단히 쥐기 어려움
"
509,심음 감소,SS000888,"심장 청진 시 심장 판막이 닫힐 때 나는 소리가 감소된 상태
"
510,정체감 혼란 및 변형,SS000137,"내가 누구인지 일관되게 인식하지 못하고 혼동하거나 평소와 다르게 생각함 
"
511,장액성 분비물,SS000827,"엷고 투명한 황색의 장액 같은 분비물
"
512,빈뇨,SS000015,"배뇨 횟수가 비정상적으로 증가한 상태
"
513,폐기능저하,SS000900,"


숨을 쉬고 내쉬는 등의 폐기능이 떨어진 상태



"
514,팔의 길이가 달라짐,SS000759,"팔을 앞으로 뻗었을 때 손가락 끝의 길이가 다름
"
515,폐색전,SS000903,"정맥에서 형성된 피떡(혈전)이 혈관을 따라 이동하다 폐동맥을 막아 폐순환이 좁아지거나 막힌 상태
"
516,화농성 객담,SS000910,"고름 형태의 가래
"
517,척추 측만,SS000260,"척추가 옆으로 휨
"
518,이마의 주름,SS000322,"의도적으로 힘을 주지 않아도 관찰할 수 있는 이마에 생긴 주름
"
519,악성종양발생,SS000680,"악성 종양이 여러부위에 발생함
"
520,중심시력감소,SS000226,"물체에 초점을 맞춰 상세한 부분을 보는 중심시력이 감소함
"
521,식욕부진,SS000103,"질환, 치료, 정신적 이상 상태 등의 여러가지 원인에 의해 먹고 싶은 욕구가 감소한 상태
"
522,코골이,SS000743,"수면 중 호흡시 공기가 코에서 인두를 지나며 연조직들을 진동시켜 나는 소리
"
523,지속적인 애성,SS000361,"지속적으로 쉰목소리
"
524,거대자궁,SS000001,"정상보다 비정상적으로 큰 자궁
"
525,스푼형 손톱,SS000505,"손톱이 점점 얇아지며 손톱 전체나 끝 부분이 스푼처럼 움푹 들어감
"
526,태아의 하강감,SS000040,"태아가 아래로 처치고 태아 머리가 산모의 골반으로 내려온 느낌
"
527,위장관의 허혈,SS000422,"위, 소장, 대장 등의 위장관에 혈액 공급에 문제가 있어 빈혈 상태에 빠진 것
"
528,무뇨,SS000007,"신장의 기능을 잃거나 요관이 막히거나 방광에 소변이 고이지 않아 소변을 보지 못하는 상태
"
529,다식,SS000626,"비정상적으로 음식을 많이 먹음
"
530,병적골절,SS000652,"뼛속에 생긴 병으로 인해 뼈가 약해져서 아주 약한 힘이 주어져도 골절이 생기는 것
"
531,유방의 퇴행,SS000548,"유방이 작아짐
"
532,복수,SS000403,"혈액 중의 액체성분의 일부가 혈관 벽으로부터 빠져나와 복강 내에 수분이 고여 있는 것
"
533,상처보다 넓게 자람,SS000818,"수술 부위, 염증 등의 흉터가 상처부위보다 넓게 생김 
"
534,손목에 심한 붓기와 통증,SS000503,"골절이 있는 부위에 체액이 몰려 매우 붓고 아픈 느낌
"
535,의식 불명,SS000118,"자기 자신이나 사물에 대하여 인식하는 능력이 없어짐
"
536,피부 각질,SS000842,"피부의 표피를 구성하는 납작한 비늘같은 세포층
"
537,뇌수종,SS000279,"뇌에 과도한 뇌척수액이 있는 상태
"
538,철결핍성 빈혈,SS000711,"적혈구 내의 헤모글로빈을 구성하는 중요한 성분인 철분이 부족하여 헤모글로빈이 감소한 상태
"
539,촘촘하게 난 털,SS000838,"피부에 난 털의 양이 많아지고 굵기가 굵어짐
"
540,레이노이드 현상,SS000510,"여러가지 원인에 의해 손이나 발 등의 말초 부위 혈액순환을 감소시켜 저리거나 창백해지는 등의 이상 증상을 보이는 것
"
541,비웃는 듯한 표정,SS000297,"자신의 의지와 상관없이 안면 근육이 수축되어 비웃는 것과 같은 표정이 지어짐
"
542,청각과민,SS000053,"청각이 지나치게 예민함
"
543,"입술, 입천장의 기형",SS000572,"선천적으로 입술이나 입천장이 갈라진 상태
"
544,피부경화,SS000847,"부드러운 조직이 부종, 출혈, 염증 등의 병적 원인에 의해 단단해지는 것
"
545,구내염,SS000556,"혀를 포함하여 구강 내벽에 생기는 염증
"
546,초조함,SS000144,"마음이 조마조마함
"
547,위의 연동운동이 보임,SS000420,"위가 꿈틀거리며 움직이는 것이 육안으로 보임
"
548,태선화,SS000839,"피부가 건조하고 딱딱해져 가죽처럼 두꺼워지는 현상
"
549,자세이상,SS000263,"구부정하거나 아장아장 걷는 등의 이상한 자세
"
550,성선 기능 저하증,SS000661,"성선자극호르몬의 분비가 감소되거나 성선호르몬의 분비가 감소되어 나타나는 증세
"
551,검붉은 색 피부 ,SS000783,"피부색이 검붉게 변함
"
552,파열부위 오목해짐,SS000776,"혈관, 조직 등이 찢어지면서 그 부위가 움푹 파임
"
553,얼굴모양변화,SS000309,"치열 변화, 턱관절 손상 등으로 얼굴의 모양이 변함
"
554,식후 불쾌감,SS000409,"식사 후 복부에 팽만감이나 통증과 같은 불편함이 있음
"
555,눈운동신경마비,SS000184,"눈의 운동을  주관하는 신경이 기능을 하지 못하는 상태
"
556,미란,SS000803,"표층에 국한되는 얕은 수준의 피부 궤양
"
557,말초의 허혈,SS000765,"신체 끝부분에 혈관이 막히거나 좁아져 혈액순환이 안되는 상태
"
558,치아 흔들림,SS000579,"이가 흔들림
"
559,"손,발톱이 두꺼워짐",SS000515,"손발톱이 두꺼워져 모양에 변형이 생김
"
560,정상적인 성생활 불가능,SS000479,"성생활이 어려움
"
561,탈장,SS000429,"체내에 존재하는 비정상적인 구멍을 통해 장기의 일부분이 정상적인 위치에서 빠져나가는 것
"
562,반신마비,SS000240,"외상이나 질환에 의해 몸의 한쪽에 운동마비가 일어난 상태
"
563,성격의변화,SS000093,"뇌기능 장애로 인해 원래의 성격과는 다른 양상의 성격 양상을 보임
"
564,얼굴형태의 이상,SS000316,"입술 또는 구개의 기형 등으로 얼굴의 모양이 이상함
"
565,섬망,SS000092,"여러가지 원인에 의해서 갑자기 발생한 의식의 장애, 주의력 저하, 언어력 저하 등 인지 기능 전반의 장애
 
"
566,낮은 학업 성취,SS000274,"학교 성적이 나빠지거나 지능 발달이 늦음 
"
567,근육마비,SS000616,"근육에 감각이 없는 것 
"
568,피해망상,SS000151,"자신이 타인으로부터 부당하게 괴롭힘, 고통, 피해를 입고 있다고 생각하는 증상
"
569,하악전돌,SS000334,"아랫턱이 앞으로 돌출된 상태
"
570,개 폐구 장애,SS000551,"입을 열고 닫는데 문제가 있음
"
571,눈의 통증,SS000187,"눈 또는 눈 주변에 생긴 통증
"
572,근육경련,SS000736,"순간적으로 여러 근육이 수축하거나 떨리는 상태
"
573,산만함,SS000090,"한가지 생각이나 행동에 집중하지 못하는 상태
"
574,인내심이 부족함,SS000124,"참지 못하고 행동하거나 말함
"
575,축 늘어짐,SS000715,"아기가 울거나 놀지 않고 쳐져있는 상태
"
576,치근단 부위 부종,SS000576,"치아 뿌리끝 부분의 부종
"
577,안면통,SS00958,"얼굴에서 느껴지는 통증
"
578,관절 운동성 감소,SS000738,"관절을 회전하거나 운동시 통증을 느끼거나 제한이 있는 것
"
579,호르몬변화,SS000727,"호르몬 분비의 변화
"
580,활력징후 이상,SS000731,"활력징후 즉, 혈압, 맥박, 체온, 호흡수가 정상 범위를 벗어난 상태
"
581,비정상적 성적 기호,SS000083,"특정 사물의 소유나 행동으로 성적 만족감을 느낌
"
582,심부정맥혈전증,SS000677,"많은 양의 피가 지나가는 심부정맥이 피떡으로 막힌 상태
"
583,가슴 두근거림,SS000861,"여러가지 원인에 의해 심장이 빨리 뛰는 것처럼 느껴져 불쾌한 기분이 드는 증상
"
584,충동 조절 어려움,SS000163,"순간적으로 어떤 행동을 하고 싶은 욕구를 조절하기 어려움
"
585,수면 중 보행,SS000100,"수면 중 걸어다니는 현상
"
586,광과민성,SS000168,"햇빛 알레르기라고도 하며, 햇빛에 대한 면역 반응이 일어나 태양에 노출된 부분이 가렵거나 붉게 일어남
"
587,딸기혀,SS000559,"혀에 덮인 설태가 벗겨져 붉은 색을 띠고 유두가 부어 올라 딸기모양이 된 혀
"
588,보행이상,SS000241,"보행 시 중심 이동이 과도하거나 양측의 운동이 불균형하게 나타나 정상적인 보행이 안 되는 것
"
589,혼수,SS000337,"외부환경과 자극에 의식적으로 반응하지 않고, 자발적인 신경활동이 없어지는 깊은 무의식의 상태
"
590,목 뒷부분의 지방축적,SS000346,"목 뒤쪽에 지방이 축적되어 물소혹과 같은 모양을 띰
"
591,작열감,SS000590,"피부나 점막의 화끈거리거나 타는 듯한 느낌
"
592,거짓 증상 호소,SS000058,"실제로 나타나지 않은 증상을 꾸며서 증상을 호소함
"
593,근육의 뒤틀림,SS000617,"근육이 틀어져 아프거나 경련이 나타나는 상태
"
594,얼굴부종,SS000310,"얼굴이 부은 상태
"
595,불면증,SS000080,"적절한 환경과 잠잘 수 있는 조건이 구비되었으나 잠을 이루지 못하는 것
"
596,서동,SS00961,"천천히 움직이는 양상
"
597,강박증,SS000265,"자신의 의지와 상관없이 반복적으로 불안감, 불쾌감 등이 떠올라 특정 행동이나 사고를 반복하는 증상
"
598,성기크기 감소,SS000464,"호르몬 이상으로 성기의 크기가 감소하는 상태
"
599,뇌전증 발작 ,SS000591,"뇌 신경세포의 과도한 흥분으로 인해 나타나는 뇌기능의 일시적 마비 증상
"
600,잇몸염증,SS000574,"잇몸에 염증이 있는 상태
"
601,무균성 뇌막염,SS000291,"세균이 아닌 다른 원인에 의해 뇌수막에 생긴 염증
"
1733,비정상적 질 분비물,SS000452,비정상적인 질 분비물
3,뿔 모양의 병변,SS000815,"장기간의 만성적 일광 노출에 의해 각질형성세포가 비정상적인 성장하여 뿔모양의 피부 병변을 보임
"
5,낮은 자존감,SS000065,"자신의 품위를 스스로 지키는 마음이 부족함
"
6,흡수장애,SS000436,"장이 음식물에서 영양소를 흡수하지 못함
"
13,남성의 여성형 유방,SS000542,"남성에게 유선 조직의 증식이나 비만 등의 원인에 의해 가슴이 여성의 유방처럼 보이는 것
"
16,암점,SS000218,"시신경 유두부는 생리적으로 빛 감지가 안되는 맹점이나 그외의 부위에 이상이 있어 시야 안에 보이지 않는 부위가 있는 상태
"
17,다발성 관절염,SS000763,"두 군데 이상의 관절에 염증이 생긴 상태
"
29,편도선 비대,SS000363,"인두를 둘러싼 림프조직인 편도선이 커진 상태
"
35,혀의 통증,SS000589,"혀에서 느껴지는 통증
"
37,무월경,SS000446,"어떠한 원인에 의해 월경이 없는 상태
"
42,눈꺼풀의 떨림,SS000179,"눈주위의 근육이 발작적으로 경련을 일으켜 떨리는 증상
"
44,저혈당,SS000700,"혈당이 50mg/dl 보다 낮은 상태
"
49,골반 통증,SS000003,"골반 내부 장기 및 골반 주변에 생긴 건강문제로 발생된 통증
"
50,복부 압박 증상,SS000397,"복부가 세게 눌리거나 조이는 듯한 느낌
"
52,가슴 통증,SS000862,"여러가지 원인에 의해 가슴 부위에 나타나는 통증
"
58,마찰음,SS000638,"움직임 시 스치는 듯한 소리가 남
"
60,구강궤양,SS000554,"입 안이 헐어 패이거나 흰 반점이 생긴 상태
"
61,희발월경,SS000491,"월경의 간격이 35∼40일 이상으로 길어지는 증상
"
63,전신 통증,SS000704,"온 몸에 통증이 있는 상태
"
64,편두통,SS000333,"한쪽 머리에서만 느껴지는 두통
"
70,자세 불안정,SS000694,"자세가 안정성이 없거나 안정되지 못한 상태
"
71,두통,SS000284,"머리에서 느껴지는 통증
"
73,실인증,SS000300,"감각 기관의 손상은 없으나 대뇌 일부의 손상으로 대상에 대한 인식이 안되는 상태
"
78,커지지 않는 자궁,SS000034,"임신 시 배가 불러오지 않음
"
83,손의 통증,SS000504,"손가락, 손, 손목에서 느껴지는 통증
"
85,몽유병,SS000642,"잠에서 불완전하게 깨어 걸어 다니는 일이 반복되는 상태
"
87,심실세동,SS000886,"하나 이상의 빠르게 흥분하는 이소성 병소들에 의해 심실이 1분에 350~600회의 박동으로 무질서하게 뛰는 상태
"
93,우유부단함,SS000115,"의사결정을 명확히 하지 못함
"
95,다발성 장기부전 증상,SS000625,"여러가지 장기의 기능이 제 기능을 하지 못하여 나타나는 증상
"
102,탈장 부위의 통증,SS000431,"탈장이 있는 부위에서 느껴지는 통증
"
106,무감각,SS000766,"아무 감각이 없거나 감소함
"
110,병원 쇼핑,SS000161,"여러 병원을 돌아다니며 진료를 받거나 의약품을 처방받는 것
"
111,겨드랑이 악취,SS000866,"겨드랑이에서 나는 나쁜 냄새
"
115,저산소증,SS000697,"동맥혈 산소 함량이 감소하여 조직속의 산소가 정상치 이하로 감소한 상태
"
120,차갑고 축축한 피부,SS000832,"피부가 차고 땀이 난 것처럼 축축하게 느껴짐
"
125,망막 이상,SS000194,"눈의 구조물 중 필름 역할을 하는 망막에 이상이 있는 상태
"
129,저체중,SS000699,"체중이 정상 발단단계의 평균에 못미침, 성인의 체질량지수(BMI)가 18.5 미만일 때
"
130,결절,SS000785,"장기나 피부에 비정상적으로 커진 덩어리
"
137,말초 통증,SS000639,"손, 발 등의 말초 부위에서 느껴지는 통증
"
138,유두부종,SS000224,"초점을 맞춘 부위가 아닌 주변 시야를 보는 시력의 손상
"
139,야뇨증,SS000413,"방광의 조절이 가능해야 하는 나이 이후에도 수면 중 무의식중에 소변을 봄
"
140,지방변,SS000532,"장의 흡수에 문제가 있어 지방이 몸 안으로 흡수되지 못하고 변에 섞여 나옴
"
141,천명음,SS000897,"기도가 좁아져서 숨을 내쉴 때 쌕쌕 또는 그렁그렁하는 호흡음
"
144,경부 림프절병증,SS000341,"목 부위에 있는 림프절이 감염이나 기타 악성 종양 등에 의해 커지는 것
"
145,점액변,SS000531,"끈끈한 점액질이 섞인 변
"
147,홍조,SS000853,"피부가 붉어짐
"
149,만성 부비동염,SS000286,"코 옆에 위치한 부비동에 세균이나 바이러스가 침투하여 염증이 발생한 것
"
151,이성의 옷을 착용함,SS000122,
152,거인증,SS000596,"뇌하수체에서 어떤 원인에 의해 성장호르몬이 과도하게 생성되어 발생되는 뼈, 연골, 섬유조직 등의 과도한 성장 
"
154,혼돈,SS000336,"의식상태가 명료하지 못하여 자유의지로 생각하고 결정을 내리기 힘들고 주의를 기울이거나 기억하기 어려운 정신 상태
"
156,검은 점,SS000784,"점의 색이 검음
"
159,갱년기 증상,SS000595,"갱년기 여성에게 호르몬 변화로 인해 발생하는 신체, 정신적 이상 증상 
"
161,탈장 돌출,SS000430,"탈장 부위가 앞으로 솟음
"
163,심정지,SS000891,"심장 박동이 멈춘 상태
"
164,두드러기,SS000796,"알레르기 반응에 의해 피부 표면에 생긴 팽진과 발적, 소양감
"
169,폐출혈,SS000904,"외상이나 폐조직 손상에 의해 폐에 출혈이 있는 상태
"
175,손가락의 변형,SS000499,"손가락이 휘거나 정상보다 굵어지는 등의 모양이 변한 상태
"
176,관절 구축,SS000608,"오랫동안 움직이지 않아 정상적인 관절가동범위에 제한이 있는 것
"
182,잇몸 위축,SS000573,"잇몸의 크기나 기능이 줄어듬
"
188,폭식,SS000149,"병적으로 지나치게 음식물을 섭취함
"
189,질병에 대한 공포,SS000162,
191,불안,SS000081,"불편한 일이나 위험이 닥칠 것만 같아 마음이 편하지 않고 조마조마한 느낌
"
193,정맥혈전,SS000257,"정맥에 생긴 응고 작용에 의해 혈소판과 섬유소로 구성된 혈액성분이 응집된 덩어리
"
198,난청,SS000049,
199,어깨 움직임의 제한,SS000754,"어깨 관절의 움직임에 제한이 있음
"
202,갈색 피부 반점,SS000781,"피부 표면에 있는 편평한 갈색의 점
"
204,설사,SS000527,"대장의 수분 흡수에 문제가 있어 대변이 묽고 자주 배변을 하는 것
"
213,만성 신부전,SS000391,"노폐물을 제거하는 신장기능이 감소되어 정상으로 회복될 수 없는 상태
"
215,오한,SS000687,"세균감염이나 질환 시 고열이 나면서 의지와 상관이 없이 근육이 떨리거나 수축하는 상태
"
216,설염,SS000564,"혀에 생긴 염증
"
217,관절염,SS000233,"관절 사이 완충 역할을 해 주는 연골이 파괴되고 관절에 염증성 변화가 일어난 상태
"
219,뼈의 기형,SS000255,"뼈의 구조나 생김새가 정상과 다른 모양을 보임
"
222,편마비,SS000777,"한쪽 팔, 다리의 마비
"
227,피부색 변화,SS000851,"피부의 색, 모양, 상태, 성질 따위가 바뀜
"
231,비출혈,SS000741,"외상이나 자극, 출혈 경향성의 증가에 의해 코에서 피가 나는 상태
"
232,흥분,SS000733,"자극을 받아 생기는 감각 세포나 신경 단위의 변화. 또는 그로 인하여 일어나는 신체 상태의 변화
"
234,붉은 색소 침착,SS000814,"피부에 색소가 침착하여 색이 붉게 변함
"
249,다음,SS000627,"비정상적으로 물이나 음료 등을 많이 마심
"
252,빈호흡,SS000875,"호흡 횟수가 비정상적으로 증가한 상태
"
254,사경,SS000351,"고개가 한쪽으로 당겨져 턱 끝이 다른 쪽으로 향하게 되는 이상 상태
"
259,울퉁불퉁한 상처,SS000824,"표면이 매끄럽지 못한 상처
"
263,저혈량 쇼크,SS000701,"출혈이나 심한 화상 등의 원인으로 인해 혈액순환량이 감소하여 장기의 쇼크 증상이 발생함 
"
264,상처가 넓어짐,SS000817,"상처가 있던 원래의 크기 보다 커짐
"
266,숨막히는 느낌,SS000881,"숨쉬기가 힘든 느낌
"
268,객혈,SS000863,"혈액이 섞인 가래가 기침과 함께 나오는 것
"
277,심실 부정맥,SS000885,"심장은 좌우 두개의 심방과 심실로 구성이 되며 심장 근육의 전기적 자극에 의해 수축과 이완을 한다. 이때 정상 전도로가 아닌 심실 조직에서 전기적 신호가 발생하거나 전달에 이상이 있는 경우를 심실 부정맥이라고 한다.
"
279,관음증,SS000061,"다른 사람의 특정 신체 부위나 성적 행동을 보며 성적 쾌락을 얻는 증상
"
284,요독증,SS000690,"여러가지 원인에 의해 신장(콩팥)의 기능이 감소하면서 체내에 쌓인 노폐물들이 배설되지 못해 나타나는 증세
"
287,악취가 나는 설사,SS000528,"배변 시 설사에서 고약한 냄새가 남
"
296,이물감,SS000367,"몸이나 특정 기관에 다른 물질이 들어가 있는 느낌
"
299,요통,SS000259,"허리부위에서 다리까지 광범위하게 나타나는 통증
"
300,토혈,SS000432,
301,산혈증,SS000659,"혈액의 pH가 7.4 이하로 떨어져 산성 상태를 보이는 것
"
304,대사성 산증,SS000629,"어떤 원인(대사와 관련된 원인)에 의해 혈액 속 수소 농도가 7.35 미만인 경우
"
305,폐부종,SS000902,"폐조직에 지나친 양의 체액이 쌓여 호흡이 곤란해지는 상태
"
309,굳은 살,SS000369,"과도한 마찰에 의해 생긴 두꺼워진 피부 표면 
"
311,딱지,SS000797,"상처가 아물때 생기는 것. 혈액, 혈청, 농을 비롯한 분비물이 건조외어 축적된 것
"
312,환각,SS000153,"외부의 자극이 없는데도 외부에서 자극이 들어온 것처럼 느끼는 현상
"
320,신증후군,SS000675,"소변에서 배설되는 단백질의 양이 성인 기준으로 하루 3.5g 이상이며 혈중 알부민 농도가 3.0g/dl 이하이고 부종을 나타내는 것을 특징으로 하는 신사구체 질환
"
325,수면 주기의 변화,SS000099,"정상적인 사람의 수면주기는 약 90~120분 정도로 렘(REM)수면과 비렘(Non-REM) 수면으로 구성된 4~5회 수면주기를 가지게 되나 스트레스나 질환 등에 의해 이러한 수면주기가 바뀌는 상태  
"
328,건망증,SS000266,"기억력에 장애가 생겨 금방 잊어버리거나, 드문 드문 기억하거나 또는 어떤 일정한 시기 이전의 일을 기억하지 못하는 증상
"
334,파행,SS000249,"다리로 가는 동맥이 폐쇄되거나 허리의 신경이 압박을 받아 다리를 절게 되는 상태
"
335,백혈구 증가,SS000651,"혈액 검사 시 백혈구 수치가 높음
"
336,요관 폐쇄,SS000023,"소변이 흘러나오는 요관이 종양이나 기타 여러가지 원인에 의해 막힌 상태
"
337,사춘기 지연,SS000658,"여아 12세, 남아 14세가 지나도 유방 혹은 고환이 발달하지 않거나 성적 성숙이 진행되지 않는 상태 
"
340,안구혼탁,SS000217,
344,무증상,SS000077,"특이 증상 없음
"
349,감기 증상,SS000594,"콧물, 코막힘, 고열, 연하곤란, 호흡곤란, 인후통, 편도염 등의 상기도 감염 증상
"
358,유방 통증,SS000545,"호르몬 변화나 염증, 종양과 같은 원인에 의해 유방에 발생하는 통증
"
369,림프절 농양,SS000636,"이물질을 처리하는 면역기관인 림프절에 고름이 고여 덩어리를 이룬 것
"
370,위궤양,SS000417,"위점막이 헐어 점막뿐만 아니라 근육층까지 침범한 것
"
371,생식기 궤양,SS000457,"생식기 피부가 헐어서 상처가 난 상태
"
373,습진,SS000822,"가려움증, 홍반, 인설과 군집된 구진, 수포를 보이는 피부 질환군
"
374,안면마비,SS000303,"어떤 원인에 의해서 얼굴의 근육을 움직이는 안면신경의 기능에 문제가 생겨 얼굴의 마비가 생기는 것
"
379,의심,SS000119,"확실히 할 수 없어서 믿지 못하는 마음
"
382,육아조직,SS000519,"외상, 염증에 의해 손상된 조직의 재생과정에서 관찰되는 결합조직
"
384,고환 위축,SS000442,"고환의 기능이나 크기가 축소됨
"
385,뇌출혈,SS000282,"뇌 속에 있는 혈관이 여러가지 원인에 의해 터져서 혈액이 혈관 외부로 유출된 것
"
389,각막 이상,SS000166,"각막에 건강 문제가 생겨 혼탁해지거나 흉터, 염증 등의 증상이 나타나는 것 
"
390,다모증,SS000794,"피부에 털이 많이 자라는 것
"
392,붉고 얇은 피부,SS000813,"


피부가 얇아지고 붉어진 상태



"
395,낮은 지능,SS000273,
396,반사 이상,SS000647,"자극에 대하여 일정한 반응을 보이는 행동에 이상이 생김
"
402,잔뇨감,SS000032,"소변을 보고 난 후에도 소변이 남아있는 느낌
"
408,재채기,SS000751,"강한 냄새나 먼지 등과 같은 자극원에 의해 코 점막이 이러한 자극물질을 배출하려고 하는 반사 운동
"
409,기침,SS000868,"기도 분비물이나 외부 먼지, 미생물 등을 제거하기 위해 갑작스럽게 숨을 내뿜는 반사 행동
"
410,근시,SS000170,"먼 곳을 바라볼 때 물체의 상이 잘 안 보이고 가까운 곳이 잘 보이는 눈의 상태
"
412,하지 마비,SS000250,"


다리, 발에 나타나는 마비 증상



"
417,혈전증,SS000725,"어떤 원인에 의하여 혈전 형성이 촉진되어 혈관 내 혈전이 많아지는 상태
"
418,황반부종,SS000231,"망막의 한 부분인 황반이 두꺼워지고 붓는 현상
"
423,음낭 부종,SS000473,"음낭이 부음
"
424,신장 감소,SS000673,"키가 줄어듦
"
435,뼈 전이,SS000655,"종양이 원발부위에서 벗어나 뼈로 옮겨 감
"
438,원한,SS000116,"억울하고 원통한 일을 당하여 응어리진 마음
"
439,위염,SS000419,"위 점막에 염증 세포의 침윤이 있는 상태
"
440,인설,SS000825,"피부의 각질화된 상피세포. 건조하거나 습한 각질 덩어리
"
443,갑상선 비대,SS000338,"갑상선이 병적으로 커진 상태
"
445,다리 통증,SS000234,"허벅지, 종아리 부위에 생긴 통증
"
447,트림,SS000433,"식사나 호흡을 통해 식도로 들어간 공기가 입으로 배출되는 현상
"
448,안구내 출혈,SS000213,"눈 안쪽의 혈관이 터져 혈액이 유출된 상태
"
449,창백,SS000833,"피부의 색이 하얗게나 파래짐
"
454,고혈압,SS000602,"여러가지 원인에 의해 혈압이 높아진 상태
"
456,급성 신부전,SS000387,"신장 기능이 갑자기 떨어진 상태
"
457,소변량 감소,SS000016,"소변량이 병적으로 줄어든 상태
"
461,모발 탈색,SS000288,"모발의 빛이 바램
"
462,월경과다,SS000469,"월경의 양이 많거나 7일 이상 오래 지속하는 것
"
464,수면 중 이상한 행동,SS000101,"수면 중 코골이, 이갈이, 수면 중 보행 등의 이상 행동을 보이는 상태
"
468,이슬,SS000027,"양수가 터지거나 새어 질을 통해 흐름
"
472,분뇨,SS000011,"소변에 대변이 섞여나옴
"
477,골다공증,SS000603,"여러가지 원인에 의해 뼛속에 구멍이 생겨 뼈의 양이 줄어들고 얇아져 매우 약해진 상태 
"
482,서맥,SS000878,"심장박동이 느린 것
"
484,경정맥 확장,SS000343,"목 좌우에 위치한 경정맥이 확장되어 부어보이는 증상
"
489,저혈압,SS000702,"수축기 혈압 90mmHg보다 낮은 상태
"
490,정신 지체,SS000135,
496,증상의 일중변동,SS000227,
498,신부전,SS000672,"신장이 혈액에서 노폐물을 제거하고 몸 안의 수분량과 전해질 농도를 적절하게 유지하는 기능을 상실한 상태
"
499,낭종,SS000790,"주머니 모양의 크거나 작은 혹
"
504,피부궤양,SS000848,"염증으로 죽은 조직의 탈락에 의해 기관이나 조직의 표면이 국소적으로 소실되거나 함몰되는 것을 말함. 피부의 진피이하까지 탈락하여 흉터를 남김
"
505,엉덩이 통증,SS000530,"고관절, 대퇴 상부에서 느껴지는 통증
"
507,비정상적인 진통,SS000014,"비정상적으로 힘들거나 느리게 진행되는 진통
"
515,운동 실어증,SS000317,"뇌의 전두엽 부분의 손상으로 듣고 이해할 수 있으나 표현하는 것이 힘든 상태
"
516,발작적인 울음,SS000649,"병적으로 갑자기 세차게 발생하는 울음
"
520,탈력발작,SS000717,"공포나 정신적 충격에 의한 갑작스런 근력의 상실
"
525,악취,SS000492,"환부나 분비물에서 고약한 냄새가 남
"
534,혈소판감소,SS000724,"혈액검사 결과 상  혈소판 수치가  감소한 상태
"
535,궤양,SS000789,"피부 또는 점막이 헐어서 상처가 난 상태
"
542,종아리 근육의 비대,SS000247,"종아리 근육이 커짐
"
546,간비대,SS000384,"간이 병적으로 커진 상태
"
551,아나필락시스,SS000679,"특정물질에 대해 몸에서 과민반응을 일으키는 것으로 극소량만 접촉해도 전신에 걸쳐 증상이 발생하는 심각한 알레르기 반응
"
559,천식,SS000898,"기관지가 좁아져서 숨이 차고, 기침이 나며, 가슴에서 색색거리는 소리가 들리며, 가슴이 답답해지는 증상
"
560,생식기 통증,SS000460,"생식기 부위에서 느껴지는 통증
"
564,발기부전,SS000448,"음경의 발기가 잘되지 않는 상태
"
566,과호흡,SS000867,"여러가지 원인에 의해 호흡수가 많아지고 이산화탄소 배출이 증가한 상태
"
571,복시,SS000195,"사물이 두개로 보임
"
573,고혈당,SS00930,"고혈당이란 혈당치가 비정상적으로 높은 상태를 말합니다. 생리적 고혈당은 식사 후 일시적으로 일어나는 자연적인 현상이나, 생리적 현상으로 허용되는 범위 외의 혈당치의 증가는 당뇨병이 있거나 당뇨병으로의 진행 가능성 혹은 당뇨병의 미 발견 상태에 해당될 수 있습니다. 흔히 건강검진 등을 통해 발견되는 고혈당 중, 공복 혈당이 126mg/dL을 넘는 경우에는 일반적으로 당뇨병에 준한 검사 및 치료 등을 받아야합니다.
"
574,사시,SS000200,"두 눈이 똑바로 정렬되어 있지 않은 상태
"
575,소변을 볼 수 없음,SS000017,"소변이 나오지 않음
"
577,말초부종,SS000764,"손, 발 등의 말초 부위가 부은 상태
"
581,수면 마비,SS000666,"수면 주기 중 REM 수면 시 근육 마비로 인해 잠들기 직전이나 아침에 일어났을 때 움직이지 못하는 현상
"
585,시력 감소,SS000204,
587,항문 통증,SS000534,
590,구취,SS000557,"타인에게 불쾌감을 주는 나쁜 입냄새
"
596,발가락의 변형,SS000373,"발가락의 모양이 변함
"
603,배변습관의 변화,SS000523,"변의 굵기, 색,  배변 횟수 등의 대변 양상이 평소와 달라짐 
"
605,질투,SS000143,"다른 사람이 잘되거나 좋은 처지에 있는 것 따위를 미워하고 깎아내리려 함
"
607,발진,SS000810,"염증이나 약물, 기타 다른 원인에 의해 피부에 붉게 돋아나는 작은 병변
"
608,발한,SS000650,"체온이 높아졌을 때 땀으로 수분을 배출해 체열을 발산시켜 체온조절을 하거나 정신적 긴장 시 땀이 나는 현상
"
609,간부전,SS000383,"간에 생긴 건강문제로 인해 단백질 합성 및 대사 등의 정상적인 간 기능을 할 수 없는 상태
"
610,상지 마비,SS000753,"팔이나 손에 감각이 무뎌지거나 운동 능력이 감소함
"
613,뼈의 변형,SS000739,"골절이나 염증으로 인해 뼈의 구조가 바뀜
"
619,열수,SS000506,"갈라진 손
"
622,삼키기 곤란,SS000352,"씹고 삼키는 능력의 손실 또는 손상으로 먹는 능력이 저하되어 어려움이 있는 상태
"
625,부정맥,SS000872,"정상보다 느리거나 빠르거나 불규칙하게 뛰는 맥박 
"
628,무의식,SS000292,"자신의 상태를 스스로 알지 못하는 것
"
629,갈퀴족지,SS000368,"발가락의 마디가 굽어져 발 모양의 변형을 보임
"
631,마비,SS000637,"신경이나 근육에 감각이 없거나 움직일 수 없는 상태
"
632,발가락 사이 갈라짐,SS000807,"발가락 사이의 피부가 갈라지고 균열이 생김
"
633,무산소 발작,SS000644,"저산소증이나 혈액공급보다 산소요구량이 많을 때 청색증이 발생하며 의식을 잃는 실신 발작
"
634,성대 이상,SS000353,"목소리는 내는 기관이 성대에 문제가 생긴 상태
"
635,근육통,SS000618,"근육에 생기거나 느껴지는 통증
"
640,습관성 유산,SS000020,"임신 5개월(20주)이전에 3차례 이상 계속해서 유산하는 것
"
641,약시,SS000221,"시력이 약한 상태
"
646,태반의 조기 박리,SS000037,"태아가 분만되지 않은 상태에서 태반이 자궁의 부착 부위로부터 일부 또는 전부 분리되는 현상
"
647,파열음,SS000248,"찢어지면서 나는 소리
"
650,이완성 마비,SS000693,"근육의 긴장도가 약화되거나 상실되면서 나타나는 마비증상
"
652,무관심,SS000073,"관심이나 흥미가 없음
"
654,생식기 출혈,SS000459,"생식기에서 피가 나는 상태
"
657,단백뇨,SS000006,"신장에 생긴 건강문제로 소변에 단백질이 나오는 것
"
658,심부전,SS000884,"심장이 정상적으로 기능을 하지 못하는 것
"
659,부정교합,SS000563,"치아의 배열이 가지런하지 않거나 입을 다물었을 때 위 아래 턱의 치아가 서로 맞물리지 않는 상태
"
663,잦은 딸꾹질,SS000894,"횡격막 수축 시 성문이 닫히는 소리인 딸국질이 자주 발생함
"
668,장폐색,SS000427,"소장이나 대장의 일부가 여러 요인에 의해 부분적으로 또는 완전히 막혀서 장의 내용물(음식물, 소화액, 가스)이 앞으로 빠져나가지 못하여, 배변과 가스가 장내에 축적되어 장애를 일으키는 현상
"
671,변비,SS000525,"대장 연동 운동의 저하로 원활한 배변 운동을 하지 못하는 질환으로 배변이 1주일에 2회 미만이거나, 배변 시 굳은 변을 보며 통증이나 출혈이 동반되는 경우
"
677,결막염,SS000167,"눈(안구)을 감싸고 있는 안구와 안검을 결합하는 점막조직인 결막에 생긴 염증
"
687,황달,SS000857,"혈액 중에 빌리루빈 양이 증가하여 피부 및 점막 내 담즙의 축적으로 피부가 황색을 띄게 되는 병적 상태
"
692,담석,SS000390,"담도나 담낭에 콜레스테롤, 담즙 색소, 칼슘염 등의 결정이 덩어리져 생긴 돌처럼 단단한 물질
"
693,골절,SS000605,"뼈가 부러지거나 금이 간 상태
"
699,접촉도착증,SS000131,"상대방의 신체 일부분에 몸을 문질러 쾌감이나 성적 흥분을 얻는 것
"
706,와해된 언어,SS000110,"상황이나 논리에 맞지 않는 말을 함
"
709,이명,SS000050,"외부로부터의 소리 자극이 없는데도 불구하고 귓속 또는 머릿속에서 소리를 느끼는 현상
"
718,졸림,SS000325,"잠이 오는 느낌이나 상태
"
736,눈의 피로,SS000188,"눈이 시리거나 아프고 사물이 흐릿하게 보이고 때때로 붉게 충혈이 되고 뻑뻑한 느낌
"
740,열감,SS000685,"건강 문제가 있는 부위에서 느껴지는 따뜻한 느낌
"
741,신경 마비,SS000670,"여러가지 원인에 의해 뇌, 척수, 말초신경, 근육 등의 신경조직에 생긴 운동마비, 지각장애, 보행장애, 경련, 복시, 의식장애, 통증 등의 이상 증상
"
742,혈뇨,SS000042,"소변에 적혈구가 배출되어 선홍색이나 갈색으로 보이는 것
"
743,다지증,SS000495,"손,발가락이 비정상적으로 더 생겨서 6개 혹은 그 이상이 되는 기형
"
750,탈수,SS000718,"체내에서 수분 혹은 전해질이 감소되어 나타나는 상태
"
754,후비루,SS00960,"코 점막 분비물이 인후를 통해 넘어가는 증상
"
759,광시증,SS000169,"눈을 감거나 어두운 곳에서 번쩍거리고 시야가 흐린 증상
"
764,발열,SS000684,"정상 체온 범위를 벗어나 비정상적으로 높은 체온
"
766,갈증,SS000550,"목이나 입마름 증상
"
767,검붉은 색 피부,SS000783,"피부색이 검붉게 변함
"
769,청색증,SS000834,"입술, 손끝, 귀, 점막 등의 부위에 산소 공급이 감소하여 파랗게 보이는 것
"
770,색맹,SS000202,"색조의 식별 능력이 없는 상태
"
773,심인성 쇼크,SS000889,"심장 기능이 감소하여 말초순환에 기능 이상이 생긴 상태
"
777,저림,SS000775,"어떠한 원인으로 인해 혈액순환이 정체되거나 신경에 장애가 발생하여 찌르는 듯하고 둔한 느낌
"
778,후각 감소,SS00959,"냄새를 감지하는 감각이 감소함
"
779,시신경염,SS000205,"시신경 신경섬유에 염증이 발생하여 물체가 흐리게 보이는 것
"
780,소양감,SS000820,
786,성기능 장애,SS000463,"성 행위와 관련하여 나타나는 성반응 주기의 장애 또는 성교 통증을 의미하며, 성적 욕구 장애, 성적 흥분 장애, 극치감 장애, 성적 통증 장애를 말함
"
790,피부가 두꺼워짐,SS000846,"피부가 두꺼워져 딱딱하게 만져짐
"
792,방사통,SS000768,"다른 부위로 퍼지는 듯한 통증
"
803,비정상적인 움직임,SS000084,"자신의 의지와 상관없이 신체의 일부를 반복적으로 움직임
"
805,옆구리 통증,SS000415,"가슴과 등 사이의 갈비뼈 부분에서 느껴지는 통증
"
808,변실금,SS000526,"자기도 모르는 사이에 대변이 나오거나, 변이 마렵다는 느낌은 드나 참지 못하며 옷에 실수를 하고, 기침을 하거나 방귀를 뀌어도 변이 나오는 것
"
809,의식 저하,SS000320,"자기 자신이나 사물에 대하여 인식하는 능력이 감소함
"
829,뇌전증 발작,SS000591,"뇌 신경세포의 과도한 흥분으로 인해 나타나는 뇌기능의 일시적 마비 증상
"
830,불임,SS000451,"피임을 하지 않은 부부가 정상적인 부부관계에도 불구하고 1년 이내에 임신이 되지않는 상태
"
831,빈맥,SS000874,"심장이 비정상으로 빨리 뛰는 것
"
833,"납작한 코, 축 쳐진 귀",SS000271,
835,호흡 곤란 ,SS001001,힘을 쓰지 않으면 숨쉬기가 어렵거나 숨쉬는데 고통을 느끼는 상태
836,부종,SS001002,몸이 붓는 현상
837,식욕 부진,SS001003,식욕이 떨어지거나 식욕이 없는 현상으로서 정상적으로 먹던 양보다 적게 먹거나 전혀 먹지 못하는 것
838,발육 부전,SS001004,떠한 이유로 발육(성장)이 더디어지는 바람에 제대로 성장하지 못한 경우를 이르는 것
839,홍반,SS001005,피부가 붉게 변하여 홍색을 띠는 것
840,체중 감소,SS001006,체중이 감소함
841,식은땀,SS001007,"질병, 긴장 등으로 인해 차가운 땀을 흘리는 증세"
842,어지럼증,SS001008,실제 정지해 있음에도 불구하고 빙글빙글 도는 듯한 느낌
843,가려움증,SS001009,가려움
844,스트레스,SS001010,스트레스 받음
765,열,SS000684,"정상 체온 범위를 벗어나 비정상적으로 높은 체온
"
